benchmark,status-ikos,cputime (s)-ikos,walltime (s)-ikos,memory (MB)-ikos,status-mikos,cputime (s)-mikos,walltime (s)-mikos,memory (MB)-mikos,memreduction,speedup,status-baseline,cputime (s)-baseline,walltime (s)-baseline,memory (MB)-baseline,vanillabaseline,baselineours
OSS/adns-1.5.1/adnshost.bc,OK,10.02969362,10.0800745,96.886784,OK,9.751855744,9.79998988,53.018624,0.5472224571,1.028580093,OK,9.100339683,9.212854214,94.101504,0.9712522195,0.5634195177
OSS/apache-2.4.39/httpd.bc,OK,86.64203885,86.8163635,1216.831488,OK,79.82636515,80.08453789,578.650112,0.4755384108,1.084058993,OK,86.62738131,87.06020496,1195.892736,0.982792398,0.4838645596
OSS/audit-2.8.4/auditctl.bc,OK,31.16153286,31.0921474,72.142848,OK,27.77263343,27.82833906,43.35616,0.6009765514,1.11728362,OK,30.4952733,30.60421468,68.100096,0.9439618464,0.6366534344
OSS/audit-2.8.4/auditd.bc,OK,8.488117009,8.563926579,263.831552,OK,7.562278983,7.623954868,66.1504,0.2507296777,1.123291878,OK,8.490652794,8.512198267,247.123968,0.9366732907,0.2676810369
OSS/audit-2.8.4/aureport.bc,OK,1237.923046,1237.976192,13133.45126,OK,1183.2909,1183.236489,2606.567424,0.1984678187,1.04626269,OK,1233.059987,1232.884124,13534.88384,1.030565658,0.1925814403
OSS/audit-2.8.4/ausearch.bc,OK,66.83961017,66.91616667,556.78976,OK,66.5725365,66.64426507,120.655872,0.2166991577,1.004079895,OK,69.90802965,69.96832533,544.612352,0.978129253,0.2215445014
OSS/autofs-5.1.4/automount.bc,OK,106.2665402,106.3483481,1749.078016,OK,100.7105298,100.9242537,325.873664,0.1863116802,1.053744211,OK,106.788986,107.3882227,1836.834816,1.050173176,0.1774104351
OSS/bc-1.07.1/dc.bc,OK,318.203365,318.2321383,3301.322752,OK,315.0282215,315.0481782,1287.00416,0.3898449975,1.010106264,OK,323.2915626,323.3164105,3117.83424,0.9444196991,0.4127878716
OSS/bird-2.0.3/bird.bc,OK,399.4238853,399.6679511,3685.036032,OK,421.1013635,421.3758943,331.18208,0.08987214158,0.9484831869,OK,420.9086393,421.5843198,3563.180032,0.9669322094,0.09294564884
OSS/bitlbee-3.6/bitlbee.bc,OK,9.209650303,9.308234725,250.368,OK,8.427779123,8.452427801,232.73472,0.9295705521,1.101249835,OK,9.059322112,9.23233527,241.7664,0.9656441718,0.9626429479
OSS/bmon-4.0/bmon.bc,OK,708.0670787,708.1321915,156.868608,OK,673.3817455,673.5123452,83.308544,0.5310721186,1.051401948,OK,664.0010057,663.9360992,162.471936,1.035719881,0.5127565169
OSS/bogofilter-1.2.4/bogofilter.bc,OK,8.077039134,8.096060727,177.2544,OK,8.00979566,8.088055257,78.331904,0.4419179665,1.000989789,OK,8.061292249,8.148323326,171.524096,0.967671866,0.4566816315
OSS/bogofilter-1.2.4/bogotune.bc,OK,2301.570616,2301.656384,193.921024,OK,2321.804948,2321.855865,75.747328,0.3906091585,0.9913002866,OK,2453.914939,2453.676475,191.983616,0.9900092937,0.3945510017
OSS/bogofilter-1.2.4/bogoutil.bc,OK,7.288399156,7.30806805,170.438656,OK,6.769637661,6.796174578,57.217024,0.3357045012,1.075320824,OK,7.20599489,7.224475608,168.988672,0.9914926342,0.3385849674
OSS/brltty-6.0/brltty-ktb.bc,OK,9.069289072,9.168093478,376.057856,OK,8.087775354,8.196020862,122.355712,0.3253640631,1.118602994,OK,8.702813628,8.848288287,362.47552,0.9638823235,0.3375557941
OSS/brltty-6.0/brltty-lsinc.bc,OK,5.328857553,5.348041382,118.091776,OK,4.749734431,4.768421109,78.241792,0.6625507266,1.121553919,OK,5.11164165,5.172300965,114.655232,0.9708993791,0.6824092598
OSS/brltty-6.0/brltty-morse.bc,OK,29.19136726,29.21603256,647.888896,OK,27.2164368,27.26430891,145.788928,0.225021495,1.071585297,OK,30.11849805,30.23217119,633.0368,0.9770761683,0.2303008735
OSS/brltty-6.0/brltty-trtxt.bc,OK,6.951661587,6.972052543,281.931776,OK,6.426801154,6.512118007,58.929152,0.2090191919,1.070627488,OK,6.94153679,6.991905825,270.598144,0.9598000901,0.217773674
OSS/brltty-6.0/brltty-ttb.bc,OK,868.1041304,868.1400965,1558.36416,OK,669.6829354,669.7519427,696.705024,0.4470745939,1.29621139,OK,845.9362493,846.3163393,1499.004928,0.9619092677,0.4647783413
OSS/brltty-6.0/brltty-tune.bc,OK,146.5022557,146.9559713,1526.755328,OK,145.2455988,145.2641765,658.038784,0.4310047405,1.011646332,OK,151.439445,151.5481911,1484.77952,0.9725065259,0.4431895612
OSS/brltty-6.0/brltty.bc,OK,115.779213,115.8159567,3103.059968,OK,103.9591767,104.2080367,715.73504,0.2306545949,1.111391792,OK,112.3712735,112.6162925,2933.444608,0.9453393226,0.2439913261
OSS/bully-1.1.12.g04185d7/bully.bc,OK,458.3557315,458.7440267,946.372608,OK,436.7432907,436.7920186,797.34784,0.8425305564,1.050257347,OK,458.4592404,458.5443116,942.94016,0.996373048,0.8455974979
OSS/caph-1.1/caph.bc,OK,69.91140079,69.93602623,49.508352,OK,59.40834595,59.44094006,42.545152,0.8593530239,1.17656326,OK,71.00980188,71.41885173,48.705536,0.983784231,0.8735177866
OSS/capstone-4.0.1/cstool.bc,OK,3056.117809,3056.223903,734.728192,OK,3319.068496,3319.68035,709.271552,0.9653523027,0.9206380074,OK,2800.403489,2800.780163,733.085696,0.9977644849,0.9675151976
OSS/catdoc-0.95/catdoc.bc,OK,27.3402411,27.36881259,237.256704,OK,28.50289976,28.59619272,140.14464,0.5906877978,0.957078897,OK,30.48881316,30.59655326,237.4656,1.000880464,0.5901681759
OSS/cellwriter-1.3.6/cellwriter.bc,OK,6.954846883,7.028126262,169.873408,OK,5.738618774,5.81212818,83.697664,0.4927060979,1.209217355,OK,6.619772143,6.676360068,166.084608,0.9776963326,0.5039459406
OSS/chemtool-1.6.14/chemtool.bc,OK,95.36109168,95.52863527,1061.6832,OK,77.5265792,77.75616342,258.670592,0.2436419753,1.228566728,OK,87.33327126,87.41639266,1062.187008,1.000474537,0.243526413
OSS/chrony-3.4/chronyc.bc,OK,78.34054837,78.35989445,573.718528,OK,72.24349538,72.28416212,273.928192,0.4774609475,1.084053438,OK,77.15978753,77.05230423,564.928512,0.9846788703,0.4848900103
OSS/chrony-3.4/chronyd.bc,OK,34.19358375,34.25198318,978.255872,OK,30.83250859,31.16429652,273.170432,0.2792423126,1.099077695,OK,33.912576,34.02409968,820.486144,0.8387234541,0.3329372885
OSS/cmus-2.8.0/cmus.bc,OK,488.9695789,489.1163264,4543.75424,OK,432.0694026,432.3889565,2011.389952,0.4426713783,1.131195233,OK,515.3170169,515.3720927,4242.18624,0.9336302132,0.4741399454
OSS/collectd-5.8.1/collectd.bc,OK,12.1065968,12.12436265,167.510016,OK,13.12311767,13.1999029,85.999616,0.5133998435,0.9185190786,OK,12.06728808,12.14878632,168.697856,1.007091158,0.5097848784
OSS/coreutils-8.31/b2sum.bc,OK,9.151395684,9.240128737,287.555584,OK,8.321002049,8.340261982,265.007104,0.9215856646,1.107894303,OK,8.831943613,8.900167787,272.826368,0.9487778474,0.971339779
OSS/coreutils-8.31/chcon.bc,OK,18.22888894,18.24821354,311.72608,OK,17.4377949,17.40028275,264.92928,0.8498784574,1.048730862,OK,17.782888,17.80406436,275.320832,0.8832139807,0.962256572
OSS/coreutils-8.31/chgrp.bc,OK,17.79571019,17.840169,308.973568,OK,16.86576174,16.92038146,260.112384,0.8418596635,1.05435974,OK,17.31732872,17.39238116,274.100224,0.8871316267,0.9489681555
OSS/coreutils-8.31/chmod.bc,OK,17.39780862,17.42008725,303.648768,OK,16.63527431,16.68837648,253.865984,0.8360514211,1.043845533,OK,16.78781491,17.01654591,270.020608,0.8892530992,0.9401726256
OSS/coreutils-8.31/chown.bc,OK,19.31187752,19.32807173,345.378816,OK,18.14330167,18.21586857,262.701056,0.7606171654,1.061056828,OK,18.58385843,18.48410393,310.898688,0.9001672181,0.8449731895
OSS/coreutils-8.31/cp.bc,OK,246.2601652,246.2840348,2501.492736,OK,224.8409249,224.8961776,962.576384,0.3848007912,1.095101026,OK,240.2206865,240.2763112,2072.846336,0.8286437559,0.4643742121
OSS/coreutils-8.31/date.bc,OK,15.93945056,16.02447095,273.227776,OK,14.52810298,14.68806733,91.123712,0.3335082301,1.090985668,OK,15.51555564,15.6644544,241.68448,0.8845531137,0.3770358444
OSS/coreutils-8.31/dd.bc,OK,283.0585088,283.1521614,1731.674112,OK,272.3487419,272.4041655,411.541504,0.2376552846,1.039456063,OK,284.0233275,284.3084023,1426.898944,0.8239996972,0.2884167136
OSS/coreutils-8.31/df.bc,OK,15.98923033,16.01222462,242.72896,OK,15.29677405,15.35252724,107.384832,0.4424063449,1.042969953,OK,16.11033012,16.12809881,213.639168,0.8801552481,0.502645807
OSS/coreutils-8.31/dir.bc,OK,173.3338244,173.3561676,1506.070528,OK,170.3931432,170.3439515,633.778176,0.4208157349,1.017683141,OK,175.5246618,175.7843982,1295.167488,0.8599646988,0.4893407083
OSS/coreutils-8.31/dircolors.bc,OK,7.301615265,7.320493759,107.17184,OK,6.964193627,7.015881235,56.598528,0.5281100707,1.043417571,OK,7.494038823,7.544324391,103.591936,0.9665965985,0.5463603653
OSS/coreutils-8.31/env.bc,OK,32.96563253,32.99231731,217.194496,OK,28.14436072,28.16457819,138.092544,0.635801305,1.171411731,OK,32.21478506,32.26830761,195.4816,0.9000301739,0.7064222106
OSS/coreutils-8.31/expand.bc,OK,33.58628947,34.0162922,167.337984,OK,28.54520653,28.82439934,117.18656,0.7002986244,1.180121459,OK,31.99299041,32.0765524,147.587072,0.8819699417,0.7940164298
OSS/coreutils-8.31/factor.bc,OK,56.46127377,56.52412482,314.228736,OK,52.44122646,52.46041103,94.756864,0.3015537828,1.077462485,OK,55.13803106,55.18839934,295.71072,0.941068356,0.3204377034
OSS/coreutils-8.31/fmt.bc,OK,6.723956113,6.744143543,92.082176,OK,6.329326348,6.380110081,55.66464,0.6045104755,1.057057552,OK,6.631366515,6.675956199,84.5824,0.9185534451,0.6581113801
OSS/coreutils-8.31/head.bc,OK,32.9728896,32.99613891,321.150976,OK,30.35257082,30.37626612,213.897216,0.6660332117,1.086247361,OK,32.53058872,32.58433255,269.193216,0.8382139122,0.7945862053
OSS/coreutils-8.31/join.bc,OK,50.00253792,50.02003848,505.790464,OK,46.03054704,46.08419854,157.659136,0.3117083995,1.085405411,OK,48.35825042,48.40849482,445.902848,0.8815959962,0.3535728393
OSS/coreutils-8.31/leftbracket.bc,OK,170.2969481,170.3121785,2154.266624,OK,160.7554478,161.1520385,352.014336,0.1634033281,1.056841602,OK,163.3700722,163.4162357,1878.536192,0.8720072859,0.187387572
OSS/coreutils-8.31/ln.bc,OK,32.00935507,32.03211033,405.549056,OK,30.08158341,30.13598337,139.968512,0.345133369,1.062919034,OK,31.45666227,31.51204653,352.620544,0.8694892487,0.3969380525
OSS/coreutils-8.31/ls.bc,OK,175.0337747,175.0641421,1509.183488,OK,166.4195337,166.4599651,630.35392,0.4176787813,1.051689167,OK,180.6067859,180.476669,1298.538496,0.8604245318,0.4854333714
OSS/coreutils-8.31/mktemp.bc,OK,6.729965276,6.796072551,118.10816,OK,6.232638972,6.287994773,25.817088,0.2185885209,1.080801241,OK,6.282887187,6.324438446,110.891008,0.9388937056,0.2328149817
OSS/coreutils-8.31/mv.bc,OK,345.9112975,346.1281235,3852.75904,OK,330.576209,330.6479846,1606.475776,0.4169676222,1.046817581,OK,341.2218332,341.3163653,3381.919744,0.8777916576,0.4750188939
OSS/coreutils-8.31/numfmt.bc,OK,40.84980195,40.87619579,435.13856,OK,41.21018475,41.22804528,182.521856,0.4194568645,0.9914657732,OK,41.40361611,41.42828155,364.376064,0.8373793947,0.5009161524
OSS/coreutils-8.31/od.bc,OK,154.7630613,154.8009364,873.259008,OK,145.5960413,145.6159936,735.51872,0.8422686892,1.063076469,OK,157.5387648,157.5563907,732.672,0.8390088087,1.003885395
OSS/coreutils-8.31/pr.bc,OK,176.6278735,176.6440576,561.78688,OK,156.5943045,156.6883275,146.82112,0.2613466516,1.127359392,OK,180.5889832,180.6403497,482.14016,0.8582260946,0.304519582
OSS/coreutils-8.31/printf.bc,OK,9.175802777,9.195981173,86.20032,OK,8.262218519,8.320330348,64.086016,0.7434545023,1.105242315,OK,8.558618943,8.620439054,74.805248,0.8678070801,0.856704813
OSS/coreutils-8.31/pwd.bc,OK,6.793726257,6.815976561,87.609344,OK,6.388183484,6.408084754,59.469824,0.6788068633,1.063652686,OK,6.621029526,6.732251503,78.70464,0.8983589696,0.7556075982
OSS/coreutils-8.31/realpath.bc,OK,6.547952802,6.572045783,121.331712,OK,6.140832243,6.195937565,44.408832,0.366011748,1.06070239,OK,6.194522078,6.216166508,109.113344,0.8992978192,0.4069972597
OSS/coreutils-8.31/rm.bc,OK,48.45859341,48.52013069,838.36928,OK,44.77838344,44.79671831,681.61536,0.8130252101,1.083117972,OK,47.67997367,47.77625474,765.538304,0.9131278093,0.8903739453
OSS/coreutils-8.31/shred.bc,OK,15.01173788,14.89215552,138.305536,OK,13.66001514,13.70832172,68.993024,0.498844992,1.08635877,OK,14.08093618,14.16047149,124.157952,0.8977077534,0.5556875165
OSS/coreutils-8.31/shuf.bc,OK,8.321413613,8.320032361,163.893248,OK,6.536040245,6.740951315,47.112192,0.2874565766,1.234251958,OK,7.845062816,7.916344289,153.788416,0.9383450379,0.3063442178
OSS/coreutils-8.31/sort.bc,OK,1827.649131,1827.692236,6279.753728,OK,1885.214748,1885.480029,946.794496,0.1507693672,0.9693511507,OK,1851.559666,1851.636356,5357.326336,0.853110897,0.1767289197
OSS/coreutils-8.31/split.bc,OK,133.5331392,133.6328229,1214.746624,OK,141.4582,141.4083288,155.906048,0.1283444999,0.9450138055,OK,148.0562182,148.3801696,1002.676224,0.825420054,0.1554899221
OSS/coreutils-8.31/stty.bc,OK,29.58770228,29.97999431,478.437376,OK,28.37506219,28.39590298,146.423808,0.3060459223,1.055785912,OK,28.38889598,28.4602763,425.926656,0.8902453641,0.3437770469
OSS/coreutils-8.31/tail.bc,OK,106.8617968,106.9079101,1039.699968,OK,103.0187313,103.0399707,292.380672,0.2812163903,1.037538242,OK,104.7951771,105.1440644,851.3536,0.8188454614,0.3434303584
OSS/coreutils-8.31/tee.bc,OK,6.01556047,6.044051171,66.916352,OK,5.391828892,5.41282761,40.93952,0.6118014323,1.116616232,OK,5.978489977,6.00040694,58.691584,0.8770888168,0.6975364645
OSS/coreutils-8.31/test.bc,OK,163.6510674,163.6761803,2087.636992,OK,157.9674359,158.048526,338.604032,0.1621948803,1.035607129,OK,165.9200889,165.9723261,1832.456192,0.8777657222,0.1847815154
OSS/coreutils-8.31/touch.bc,OK,13.52090404,13.6120709,248.91392,OK,12.23552071,12.33238985,62.205952,0.2499094948,1.103765861,OK,12.98013567,13.04847445,216.35072,0.8691788712,0.2875236653
OSS/coreutils-8.31/tr.bc,OK,5.407963658,5.528186013,119.599104,OK,4.988788049,5.012056697,36.67968,0.3066885852,1.102977549,OK,5.043573094,5.088463174,111.65696,0.9335936162,0.3285033015
OSS/coreutils-8.31/truncate.bc,OK,9.602596275,9.696056523,161.624064,OK,8.454798795,8.51629807,64.372736,0.3982868294,1.138529493,OK,9.245013327,9.31607225,140.06272,0.8665957069,0.4595993566
OSS/coreutils-8.31/unexpand.bc,OK,14.82442984,14.88504407,86.75328,OK,16.74694626,16.76830817,50.184192,0.578470255,0.8876890808,OK,18.14498142,18.30815489,76.382208,0.8804532578,0.657014157
OSS/coreutils-8.31/uniq.bc,OK,8.92901113,8.949005537,125.100032,OK,9.701249967,9.720207255,81.01888,0.647632768,0.9206599512,OK,10.79718086,10.87626256,108.453888,0.8669373322,0.7470352746
OSS/coreutils-8.31/vdir.bc,OK,164.4589011,164.5250759,1525.301248,OK,172.1516939,172.1961984,631.169024,0.4137995854,0.955451267,OK,182.2734409,182.3480472,1302.2208,0.8537466299,0.4846866399
OSS/coreutils-8.31/wc.bc,OK,11.09794677,11.12419281,192.421888,OK,9.884718686,9.936312547,91.01312,0.4729873558,1.119549406,OK,10.65411915,10.70841307,162.095104,0.8423943122,0.5614797594
OSS/cronie-1.5.4/crond.bc,OK,88.1556959,88.17996801,574.390272,OK,85.51667526,85.54441154,368.451584,0.6414655713,1.030809219,OK,87.34054949,87.36033036,527.691776,0.9186990131,0.6982325682
OSS/cronie-1.5.4/cronnext.bc,OK,21.07579543,21.18401508,182.726656,OK,20.2170109,20.26412757,59.056128,0.3231938311,1.045394874,OK,21.58107328,21.6002531,176.90624,0.9681468696,0.3338272748
OSS/cronie-1.5.4/crontab.bc,OK,7.549490645,7.572100725,109.1584,OK,6.807118245,6.852204908,56.332288,0.5160600375,1.105060463,OK,7.012618892,7.064519972,103.17824,0.9452157598,0.5459706233
OSS/cscope-15.9/cscope.bc,OK,421.0524906,421.1400893,970.850304,OK,390.6486448,390.6919891,296.165376,0.3050577157,1.077933772,OK,424.9992214,425.0520357,923.369472,0.9510935601,0.3207441712
OSS/cuetools-1.4.1/cuebreakpoints.bc,OK,11.25937522,11.28017784,50.266112,OK,10.19862215,10.29627283,34.6112,0.688559322,1.095559337,OK,11.11913247,11.22828358,49.410048,0.9829693611,0.7004890989
OSS/cuetools-1.4.1/cueconvert.bc,OK,9.715662452,9.792345117,63.557632,OK,8.529226328,8.552313179,34.148352,0.537281691,1.144993748,OK,8.427975839,8.480579374,61.394944,0.965972804,0.5562078858
OSS/cuetools-1.4.1/cueprint.bc,OK,11.81077177,11.84016628,51.601408,OK,10.09171664,10.1124191,35.311616,0.6843149706,1.170853993,OK,11.34548417,11.43610264,50.192384,0.9726940784,0.7035253795
OSS/cvsps-3.13/cvsps.bc,OK,24.23437173,24.2760241,834.002944,OK,20.90656621,20.95637343,392.54016,0.4706699932,1.158407688,OK,24.10706253,24.63629515,905.334784,1.085529482,0.4335856381
OSS/darkhttpd-1.12/darkhttpd.bc,OK,20.58231435,20.6120768,457.322496,OK,18.59136297,18.61644687,434.393088,0.9498616224,1.107197144,OK,19.66048742,19.85654571,453.660672,0.9919929065,0.9575286438
OSS/davfs2-1.5.5/mount.davfs.bc,OK,39.54163475,39.58799714,998.8096,OK,38.2157713,38.23630395,732.106752,0.7329792905,1.035351042,OK,38.69510378,38.78446751,869.728256,0.8707648144,0.8417649386
OSS/detox-1.3.0/detox.bc,OK,31.44229905,31.83977426,78.168064,OK,26.94494309,26.99609614,28.377088,0.3630266192,1.179421428,OK,28.87238092,28.92056599,78.426112,1.003301195,0.3618321408
OSS/detox-1.3.0/inline-detox.bc,OK,31.71088594,31.75204545,77.914112,OK,27.79412182,27.60430619,28.393472,0.3644201451,1.150256965,OK,29.98626118,30.04811969,78.790656,1.011250131,0.3603659805
OSS/dhcp-4.4.1/dhclient.bc,OK,29.52492773,30.19228941,956.755968,OK,24.52320599,24.76050402,924.962816,0.966769842,1.219372974,OK,28.54624444,29.03223062,956.542976,0.9997773811,0.9669851112
OSS/dhcp-4.4.1/dhcpd.bc,OK,33.39358465,33.99212788,1037.733888,OK,27.82670063,28.27226559,1007.673344,0.9710325119,1.202313546,OK,31.87454225,32.42826345,1037.950976,1.000209194,0.97082942
OSS/dhcp-4.4.1/dhcrelay.bc,OK,28.96887436,29.32007045,932.950016,OK,25.04132881,25.49949212,896.770048,0.9612198217,1.149829585,OK,27.55389622,28.11212894,930.889728,0.9977916416,0.9633472376
OSS/dhcp-4.4.1/omshell.bc,OK,27.53891223,28.42405071,915.587072,OK,23.38453877,23.4044015,894.459904,0.976925004,1.214474581,OK,27.04505268,27.7360797,913.67424,0.9979108137,0.9789702553
OSS/dhcpcd-7.0.8/dhcpcd.bc,OK,1370.014262,1370.164298,16001.64659,OK,1386.076459,1386.14014,3998.613504,0.2498876276,0.9884745837,OK,1392.695362,1392.908285,14434.24256,0.9020473286,0.2770227456
OSS/dialog-1.3_20190211/dialog.bc,OK,6.40601226,6.499730594,133.926912,OK,6.412504865,6.504384952,82.681856,0.6173655075,0.9992844277,OK,6.90858363,6.988111804,132.15744,0.9867877787,0.6256314892
OSS/dictd-1.12.1/dict.bc,OK,12.66782071,12.68856677,110.473216,OK,12.95226629,13.00817853,52.310016,0.4735085833,0.9754299373,OK,13.02063679,13.08419535,107.020288,0.9687442067,0.4887859767
OSS/dictd-1.12.1/dictd.bc,OK,107.3540195,107.4286399,709.251072,OK,113.2170359,113.3002105,248.336384,0.3501388913,0.9481768779,OK,110.4575553,110.6162983,702.1568,0.9899975167,0.3536765349
OSS/dictd-1.12.1/dictfmt.bc,OK,25.35604179,25.37659399,537.186304,OK,25.80516617,25.82427937,185.143296,0.3446537907,0.9826641676,OK,27.05750674,27.10432064,523.145216,0.9738617908,0.3539042131
OSS/distcc-3.3.2/distcc.bc,OK,24.51905438,24.61221297,562.597888,OK,22.64523186,22.71632297,117.907456,0.2095767839,1.08345937,OK,23.60702829,23.70432735,610.619392,1.085356709,0.1930948436
OSS/distcc-3.3.2/distccd.bc,OK,8.420340647,8.448187307,186.937344,OK,7.272544465,7.316659847,81.444864,0.4356800105,1.154650822,OK,7.890158402,7.920430503,197.824512,1.058239663,0.4117025902
OSS/dmtcp-2.5.2/mtcp_restart.bc,OK,27.00371034,27.34817458,593.543168,OK,24.49159847,24.51213819,95.096832,0.1602188975,1.115699266,OK,26.68784024,26.74443093,571.203584,0.9623623264,0.1664850058
OSS/dnstracer-1.9/dnstracer.bc,OK,7.216365149,7.264050763,113.057792,OK,6.957622818,6.97640372,96.305152,0.8518223317,1.041231422,OK,6.991434952,7.01257742,108.81024,0.9624302587,0.8850743459
OSS/dosfstools-4.1/fsck.fat.bc,OK,71.88010841,71.92813231,708.554752,OK,68.86898898,68.99225591,303.67744,0.4285871193,1.042553709,OK,71.10148929,71.14822723,680.841216,0.9608872343,0.4460326914
OSS/dropbear-2019.78/dbclient.bc,OK,1106.55063,1106.636116,1342.107648,OK,1049.164838,1049.324482,943.73888,0.7031767395,1.054617647,OK,1060.557711,1060.612279,1309.581312,0.9757647339,0.7206416825
OSS/dropbear-2019.78/dropbear.bc,OK,2342.186143,2342.307952,5189.644288,OK,2309.838423,2310.044076,1050.84928,0.2024896547,1.013966779,OK,2285.157777,2285.716656,5131.902976,0.9888737438,0.2047679555
OSS/dropbear-2019.78/dropbearconvert.bc,OK,19.75669239,19.7794707,323.751936,OK,18.96593112,19.03614331,67.072,0.2071709619,1.039048214,OK,20.27293966,20.69652882,306.855936,0.9478118951,0.2185781409
OSS/dropbear-2019.78/dropbearkey.bc,OK,33.65821444,33.67652106,296.943616,OK,33.17634229,33.01614178,66.445312,0.2237640697,1.02000171,OK,36.668369,36.73616038,286.22848,0.9639152505,0.2321408128
OSS/dvdauthor-0.7.2/mpeg2desc.bc,OK,9.282351163,9.351999823,78.848,OK,7.897122252,7.924370878,67.432448,0.8552207792,1.180156755,OK,9.15595129,9.208169434,74.141696,0.9403116883,0.909507762
OSS/dvdauthor-0.7.2/spumux.bc,OK,224.2648935,224.1440853,430.125056,OK,200.4913361,200.5640781,212.750336,0.4946243727,1.117568447,OK,217.6389241,217.3961535,393.740288,0.9154088619,0.5403316411
OSS/dvdauthor-0.7.2/spuunmux.bc,OK,7.591835218,7.636269955,64.282624,OK,7.034735957,7.088206232,44.781568,0.6966356569,1.07732051,OK,7.503750195,7.596187553,65.384448,1.017140308,0.6848963227
OSS/dvtm-0.15/dvtm.bc,OK,37.85273846,37.89209794,403.29216,OK,37.7714915,37.81630868,181.645312,0.4504062563,1.002004142,OK,37.94105611,37.96031833,360.411136,0.8936725574,0.5039947267
OSS/dwdiff-2.1.2/dwdiff.bc,OK,8.224368896,8.240125774,100.225024,OK,7.287637393,7.347971764,57.786368,0.5765662675,1.121415002,OK,7.865710343,7.915773365,97.968128,0.9774817116,0.5898486496
OSS/e2fsprogs-1.45.0/e2fsck.bc,OK,1268.694602,1268.832075,11705.1351,OK,1328.62466,1328.800162,10037.71085,0.8575476284,0.9548705002,OK,1282.001458,1282.248299,11234.12378,0.959760283,0.8935018921
OSS/e2fsprogs-1.45.0/mke2fs.bc,OK,42.10137802,42.12444649,586.809344,OK,43.7107247,43.84829479,68.530176,0.116784398,0.9606860813,OK,41.97164186,42.06839411,557.993984,0.9508948515,0.1228152596
OSS/ecl-16.1.3/dpp.bc,OK,43.99394924,44.22465306,269.922304,OK,41.12986564,41.20430135,244.723712,0.9066450174,1.073301855,OK,45.34228053,45.39636951,260.452352,0.9649160078,0.9396102977
OSS/ecl-16.1.3/ecl_min.bc,OK,20.39419298,20.53196194,435.417088,OK,20.44933436,20.49614197,405.028864,0.9302089311,1.001747644,OK,19.70329228,19.98830823,435.392512,0.9999435576,0.9302614373
OSS/engrampa-1.22.0/engrampa-server.bc,OK,17.75439251,17.93626503,118.120448,OK,17.18999628,17.24446174,117.84192,0.9976420001,1.040117419,OK,16.84945736,17.05638791,118.575104,1.003849088,0.9938167121
OSS/engrampa-1.22.0/engrampa.bc,OK,17.9486944,18.22035508,121.688064,OK,17.80687089,17.88407252,119.934976,0.9855935912,1.018803466,OK,16.86642067,17.08884908,121.888768,1.001649332,0.983970697
OSS/enigma-1.04/enigma.bc,OK,24.15056375,24.18423751,72.04864,OK,21.05500613,21.10832935,56.373248,0.7824332007,1.145720114,OK,21.87156594,21.80047646,70.189056,0.9741898806,0.8031629318
OSS/enscript-1.6.6/enscript.bc,OK,23.71493141,23.77203487,530.915328,OK,20.0339135,20.05602577,155.090944,0.2921199216,1.185281428,OK,22.41823232,22.46448526,531.74272,1.001558426,0.2916653828
OSS/enscript-1.6.6/mkafmmap.bc,OK,20.15138018,20.20015705,140.10368,OK,18.61886983,18.64812607,115.666944,0.8255810554,1.083227182,OK,19.44990121,19.5003829,135.606272,0.9678994299,0.8529616093
OSS/ethtool-5.0/ethtool.bc,OK,15.46282546,15.5924881,528.306176,OK,13.00045809,13.02406091,178.745344,0.3383366542,1.197206325,OK,14.29274424,14.36458702,507.510784,0.9606376133,0.3522000904
OSS/ext4magic-0.3.2/ext4magic.bc,OK,547.4893958,547.5922183,844.587008,OK,566.490721,566.5719801,272.371712,0.3224910038,0.9665007053,OK,558.5737405,558.6563582,793.571328,0.9395968923,0.3432227229
OSS/fbida-2.14/exiftran.bc,OK,22.14821758,22.21610975,45.432832,OK,22.23466354,22.25603211,33.665024,0.7409844933,0.9982062229,OK,21.62235866,21.95243516,46.206976,1.017039308,0.7285701622
OSS/fbida-2.14/fbi.bc,OK,52.67178785,52.75202693,220.352512,OK,51.35908018,50.9882654,143.192064,0.649831775,1.034591518,OK,52.46796539,52.53623565,217.997312,0.9893116717,0.6568524294
OSS/fig2dev-3.2.7/fig2dev.bc,OK,34.91381106,35.33599552,511.983616,OK,31.8886655,32.11265391,362.51648,0.708062658,1.100376058,OK,33.85300301,33.99602934,511.094784,0.9982639444,0.7092940318
OSS/flex-2.6.4/flex.bc,OK,102.6156907,102.6639927,1449.566208,OK,95.27300878,95.34418012,1321.824256,0.9118757382,1.076772516,OK,98.26889539,98.34434376,1417.363456,0.9777845594,0.9325937186
OSS/freeradius-3.0.19/radiusd.bc,OK,118.3083887,118.2921903,907.620352,OK,119.0641698,119.1522004,387.42016,0.4268526583,0.9927822561,OK,113.9633907,114.4561143,862.396416,0.9501730697,0.4492367464
OSS/fsarchiver-0.8.5/fsarchiver.bc,OK,85.06472249,85.46430725,2328.600576,OK,76.99468032,77.04804285,840.204288,0.3608194109,1.10923398,OK,80.34891117,80.39638035,2494.631936,1.071300919,0.3368049113
OSS/fstrm-0.5.0/fstrm_capture.bc,OK,5.69415981,5.716151786,121.71264,OK,5.200679241,5.26019653,42.717184,0.3509675248,1.08668027,OK,5.648267458,5.70433478,106.35264,0.8738011106,0.4016560755
OSS/fvwm-2.6.8/fvwm-root.bc,OK,6.518625328,6.536868555,161.480704,OK,6.838442486,6.871933455,64.04096,0.396585836,0.9512415389,OK,6.734491926,6.820378546,156.83584,0.9712357955,0.408331157
OSS/fvwm-2.6.8/FvwmAnimate.bc,OK,37.81118431,37.81201018,406.212608,OK,33.8302796,33.91245008,200.323072,0.4931483367,1.11498904,OK,36.6704188,36.69595406,389.500928,0.9588597703,0.5143070468
OSS/fvwm-2.6.8/FvwmBacker.bc,OK,19.64813,19.76407147,380.821504,OK,17.93970061,17.98425615,319.22176,0.8382451008,1.098965189,OK,19.51426206,19.80837205,359.28064,0.9434357993,0.8885025366
OSS/fvwm-2.6.8/FvwmBanner.bc,OK,11.89194491,11.9643123,110.891008,OK,11.79002901,11.8640826,71.933952,0.6486905773,1.008448162,OK,11.73282728,11.78000246,108.986368,0.982824216,0.6600270595
OSS/fvwm-2.6.8/FvwmIdent.bc,OK,1923.665883,1923.997088,13409.12026,OK,2026.953161,2027.052175,12165.41901,0.9072496014,0.9491601213,OK,2024.11111,2024.180122,12497.29331,0.9319994951,0.9734443056
OSS/fvwm-2.6.8/FvwmPager.bc,OK,1887.846461,1887.888506,18166.272,OK,2015.806256,2015.932422,15587.77037,0.8580610468,0.9364840236,OK,1961.189553,1961.284148,16938.22566,0.9323996505,0.920271738
OSS/fvwm-2.6.8/FvwmProxy.bc,OK,787.0004553,787.0128582,14399.81978,OK,856.100759,856.2201893,13116.81741,0.9109014982,0.9191711058,OK,853.8795481,853.9722551,13672.55859,0.9494951188,0.9593535344
OSS/fvwm-2.6.8/FvwmScript.bc,OK,45.64202026,45.66087441,672.948224,OK,48.89542729,49.04396034,463.736832,0.6891122013,0.9310193161,OK,49.30605974,49.36455124,632.020992,0.9391821978,0.7337364389
OSS/fwknop-2.6.10/fwknop.bc,OK,14.31476747,14.40115031,475.639808,OK,15.53538245,15.62414321,62.251008,0.1308784651,0.9217241619,OK,15.90519156,16.05645335,455.08608,0.9567871998,0.1367895234
OSS/fwknop-2.6.10/fwknopd.bc,OK,416.9509746,416.9691059,2133.282816,OK,430.8790432,430.9323997,2031.853568,0.9524539141,0.9675974844,OK,467.9406262,468.000327,2011.234304,0.9427884052,1.010252045
OSS/genius-1.0.24/gnome-genius.bc,OK,9.023773085,9.464387468,401.334272,OK,9.079036275,9.256261369,385.691648,0.9610234533,1.022484899,OK,8.521555836,8.872522553,400.77312,0.998601784,0.9623690531
OSS/gftp-2.0.19/gftp-gtk.bc,OK,11.65583401,11.60532664,453.275648,OK,11.02216006,11.09629263,118.31296,0.2610176843,1.045874242,OK,13.01228605,13.12434952,431.874048,0.9527845802,0.273952465
OSS/gftp-2.0.19/gftp-text.bc,OK,9.695515989,9.54511966,330.838016,OK,10.0363908,10.05622716,218.734592,0.6611531366,0.9491750242,OK,10.62308631,10.75236221,324.206592,0.9799556772,0.6746765717
OSS/gif2png-2.5.13/gif2png.bc,OK,14.53973548,14.62025258,103.018496,OK,13.22348884,13.26795672,41.816064,0.4059083138,1.101921938,OK,14.12354807,14.25607141,98.59072,0.9570196016,0.424137931
OSS/gifsicle-1.91/gifdiff.bc,OK,8.980630813,9.220041213,167.44448,OK,8.002722009,8.052800261,102.15424,0.6100782779,1.144948454,OK,8.721295246,9.056402551,148.389888,0.8862035225,0.6884177984
OSS/gifsicle-1.91/gifview.bc,OK,64.83672452,64.85585788,909.611008,OK,61.35504331,61.74392542,447.049728,0.4914735245,1.050400626,OK,63.73849634,63.82047794,822.272,0.9039820239,0.5436762142
OSS/gkrellm-2.3.10/gkrellm.bc,OK,30.72288873,30.76396628,760.561664,OK,27.37025188,27.52416932,366.006272,0.4812315547,1.117707347,OK,28.53833237,28.7484563,745.746432,0.9805206695,0.4907918514
OSS/gnupg-2.2.15/dirmngr_ldap.bc,OK,17.97583597,17.95206056,262.807552,OK,16.78437667,16.72005264,165.310464,0.6290171753,1.073684452,OK,17.36879233,17.46038696,237.416448,0.9033851813,0.696289012
OSS/gnupg-2.2.15/dirmngr-client.bc,OK,19.73306586,19.67998999,417.75104,OK,17.93309834,18.01608235,166.760448,0.3991861947,1.092356796,OK,18.96768796,18.98804562,380.555264,0.910961859,0.4382029728
OSS/gnupg-2.2.15/gpg-agent.bc,OK,294.7058053,294.7241704,2337.574912,OK,276.1158591,276.5803903,515.436544,0.2205005458,1.065600385,OK,286.6088175,286.8161381,2121.785344,0.9076865657,0.2429258669
OSS/gnupg-2.2.15/gpg-check-pattern.bc,OK,18.18095901,18.20398572,267.542528,OK,17.25601417,17.28401129,197.308416,0.7374843075,1.053226905,OK,17.45140878,17.46426603,251.379712,0.9395878625,0.7849019097
OSS/gnupg-2.2.15/gpg-connect-agent.bc,OK,52.65760328,52.67609885,1041.723392,OK,42.02078161,42.37291299,357.523456,0.3432038281,1.243155005,OK,53.84939949,53.74419727,913.44896,0.8768632509,0.3913994888
OSS/gnupg-2.2.15/gpg-preset-passphrase.bc,OK,17.20548441,17.30809369,284.880896,OK,17.04186797,17.15602062,175.771648,0.6170004745,1.008864123,OK,16.51507415,16.58450005,269.737984,0.9468447614,0.651638473
OSS/gnupg-2.2.15/gpg-protect-tool.bc,OK,38.41653791,38.47604129,994.021376,OK,32.77033184,32.86817722,239.898624,0.2413415142,1.170616826,OK,37.14341543,37.19628335,914.550784,0.9200514255,0.2623130702
OSS/gnupg-2.2.15/gpg-wks-client.bc,OK,104.7966515,104.8160611,3303.514112,OK,92.37420188,92.4403517,373.49376,0.1130595322,1.133877784,OK,103.5854518,103.6722687,2824.052736,0.8548632275,0.1322545274
OSS/gnupg-2.2.15/gpg-wks-server.bc,OK,36.71019544,36.73607954,811.266048,OK,34.71315949,34.76003035,263.069696,0.3242705604,1.056848316,OK,36.4915706,36.54438391,730.775552,0.9007840939,0.3599869964
OSS/gnupg-2.2.15/gpgconf.bc,OK,342.9028768,342.936017,2843.344896,OK,322.2893171,322.1405499,312.274944,0.1098266146,1.064554019,OK,322.5430878,322.4123878,2587.086848,0.9098744411,0.120705242
OSS/gnupg-2.2.15/gpgscm.bc,OK,18.26600472,18.28397887,262.991872,OK,17.6800252,17.70017821,224.366592,0.8531312785,1.032982756,OK,17.0382032,17.18834516,247.259136,0.9401778622,0.9074147699
OSS/gnupg-2.2.15/gpgtar.bc,OK,20.95931544,20.97990572,549.167104,OK,18.65688518,18.68059782,208.26112,0.3792308725,1.123085349,OK,20.8031012,20.87657526,468.307968,0.8527604159,0.4447097513
OSS/gnupg-2.2.15/kbxutil.bc,OK,35.10378615,35.12351686,435.953664,OK,33.85462439,34.28797024,207.409152,0.4757596257,1.024368506,OK,33.79323861,33.88022522,413.667328,0.9488791176,0.5013911855
OSS/gnupg-2.2.15/scdaemon.bc,OK,113.7205048,113.7441219,1358.467072,OK,107.4962033,107.5715256,388.849664,0.2862415085,1.057381321,OK,106.6304522,106.7042461,1241.411584,0.9138326645,0.3132318636
OSS/gnupg-2.2.15/symcryptrun.bc,OK,59.3381359,59.44799653,766.672896,OK,55.82895465,55.87200523,267.501568,0.3489122537,1.064003275,OK,57.22160204,57.29220885,694.992896,0.9065051075,0.3848982767
OSS/goaccess-1.3/goaccess.bc,OK,351.2309008,351.2401291,1313.763328,OK,338.3193324,338.4081296,464.494592,0.3535603271,1.037918709,OK,338.1514712,338.5962961,1360.73216,1.035751365,0.341356371
OSS/gob2-2.0.20/gob2.bc,OK,191.3055084,191.3360411,1576.534016,OK,158.7895554,158.8369824,1010.356224,0.6408718199,1.204606372,OK,185.6497065,185.7325096,1526.386688,0.9681914075,0.6619267791
OSS/gpa-0.10.0/gpa.bc,OK,5.953255995,5.98007393,260.726784,OK,5.2256315,5.388047545,184.311808,0.706915512,1.109877721,OK,5.754947767,5.992131551,265.867264,1.019715964,0.6932474695
OSS/hdparm-9.58/hdparm.bc,OK,28.58818873,28.66814739,677.699584,OK,27.68783495,27.99616175,609.755136,0.8997425266,1.024002778,OK,28.2967681,28.31644403,604.479488,0.8919578856,1.008727588
OSS/hexedit-1.4.2/hexedit.bc,OK,23.49783275,23.52017076,516.907008,OK,22.69517459,22.71662286,448.57344,0.8678029763,1.035372683,OK,23.23687348,23.28056464,505.737216,0.9783910997,0.8869694098
OSS/hexer-1.0.5/hexer.bc,OK,3105.601101,3105.620107,13351.09222,OK,3357.426748,3357.552154,11058.03264,0.8282492889,0.9249655596,OK,3303.592801,3303.472263,12635.32851,0.9463891271,0.8751677987
OSS/homebank-5.2.3/homebank.bc,OK,31.94138659,31.96487302,1083.53536,OK,31.02477517,31.08832579,181.030912,0.1670743002,1.028195382,OK,34.26582131,34.25637896,1074.470912,0.9916343773,0.1684837719
OSS/horst-5.1/horst.bc,OK,49.78457207,49.80876652,517.218304,OK,51.2430088,51.32000517,405.475328,0.7839539414,0.9705526403,OK,53.18107065,53.32031311,503.463936,0.9734070355,0.8053711478
OSS/hostapd-2.7/hostapd_cli.bc,OK,8.068996577,8.088680122,291.905536,OK,8.168308633,8.244545479,42.471424,0.1454971515,0.9810947302,OK,8.642847316,8.716052584,292.900864,1.003409761,0.1450027269
OSS/hwinfo-21.60/check_hd.bc,OK,20.38221692,20.42825374,202.805248,OK,19.611204,19.75230754,69.85728,0.3444549916,1.034221126,OK,21.10913087,21.38030043,197.148672,0.9721083352,0.3543380703
OSS/hydra-8.9.1/hydra.bc,OK,693.4478399,693.6083357,8448.626688,OK,662.2768397,662.4123691,8000.565248,0.9469663584,1.047094481,OK,687.1339925,687.2481975,8201.637888,0.970765805,0.9754838433
OSS/i3status-2.12/i3status.bc,OK,12.72939182,12.75635254,94.265344,OK,11.87040072,11.9243364,76.976128,0.8165899018,1.069774629,OK,12.48737968,12.53619364,90.800128,0.9632397671,0.8477535186
OSS/i7z-0.27.2.git1/i7z.bc,OK,10.59343344,10.61207678,157.589504,OK,9.749696616,9.848211047,65.20832,0.4137859334,1.077563908,OK,10.31871494,10.44048062,159.686656,1.013307688,0.408351716
OSS/icecast-2.4.3/icecast.bc,OK,736.2839796,736.3441373,10061.93869,OK,791.3531915,791.5768328,8279.662592,0.8228695134,0.9302244669,OK,736.5668724,736.9485505,9265.17248,0.9208138477,0.8936328611
OSS/icoutils-0.32.3/wrestool.bc,OK,11.41871119,11.46018993,188.596224,OK,11.37316392,11.40002404,172.834816,0.9164277647,1.005277699,OK,11.28281971,11.30854294,185.26208,0.9823212579,0.9329206279
OSS/iftop-1.0pre4/iftop.bc,OK,107.957154,108.1120472,2022.293504,OK,111.0636599,111.1239422,1362.202624,0.6735929386,0.9728960753,OK,109.028452,109.4284124,1881.509888,0.9303841823,0.7239944008
OSS/igmpproxy-0.2.1/igmpproxy.bc,OK,13.09944632,13.22385687,155.037696,OK,11.67077661,11.70061337,104.235008,0.6723204143,1.130184927,OK,12.47408923,12.48842807,153.952256,0.992998864,0.6770606077
OSS/imwheel-1.0.0pre12/imwheel.bc,OK,7.185379419,7.204144006,103.559168,OK,6.406098333,6.420458705,84.6848,0.8177431476,1.12206064,OK,6.822928109,6.880368164,109.088768,1.053395562,0.7762925694
OSS/iodine-0.7.0/iodine.bc,OK,52.34639568,52.65245512,487.010304,OK,51.56227033,51.63235166,52.10112,0.1069815558,1.01975706,OK,51.95437123,52.27231256,447.7952,0.9194778762,0.1163503316
OSS/iodine-0.7.0/iodined.bc,OK,61.32858283,61.3520942,1376.80896,OK,62.53433384,62.58821175,1204.350976,0.8747408035,0.9802499941,OK,60.42413698,60.45241071,1341.964288,0.9746917161,0.8974538196
OSS/ipmitool-1.8.18/ipmievd.bc,OK,8.003175804,8.024258145,336.433152,OK,7.090272922,7.244381739,201.05216,0.5975991332,1.107652583,OK,7.692809481,7.82421251,337.977344,1.004589892,0.5948687495
OSS/ipmitool-1.8.18/ipmitool.bc,OK,13.15727321,13.18014854,505.40544,OK,11.95203076,12.06435092,362.65984,0.7175622012,1.092487166,OK,12.5316348,12.74438367,506.30656,1.001782965,0.7162850902
OSS/iproute2-5.0.0/bridge.bc,OK,492.6071935,492.6323088,2141.659136,OK,465.7047619,465.6923249,532.979712,0.2488629974,1.057849319,OK,493.012694,493.0722653,2075.820032,0.9692578978,0.2567562235
OSS/iproute2-5.0.0/devlink.bc,OK,26.36693794,26.38806603,1053.34784,OK,24.84700606,24.90002061,550.887424,0.5229871872,1.059760811,OK,26.9947489,27.20003281,1028.841472,0.9767347812,0.5354444188
OSS/iproute2-5.0.0/ifstat.bc,OK,9.540778956,9.560503295,98.082816,OK,8.975974321,8.984111565,41.279488,0.4208636098,1.064156787,OK,9.73346376,9.748395976,100.47488,1.024388207,0.4108438647
OSS/iproute2-5.0.0/ss.bc,OK,73.95198692,74.14425154,1617.707008,OK,76.65875635,76.72030194,271.638528,0.1679157763,0.9664228329,OK,75.48024804,75.96430253,1467.629568,0.9072282933,0.1850865736
OSS/iproute2-5.0.0/tc.bc,OK,341.954778,341.9843091,3343.970304,OK,335.0900624,335.3760751,1214.988288,0.3633370448,1.019703952,OK,327.2275882,327.3605441,3170.721792,0.9481907744,0.3831898122
OSS/isync-1.3.0/mbsync.bc,OK,46.39740147,46.42011628,210.907136,OK,40.75596531,40.81214092,121.987072,0.5783923404,1.137409487,OK,44.62450324,44.67643789,207.4624,0.9836670486,0.5879960513
OSS/iverilog-10.2/iverilog.bc,OK,5.207544216,5.228315142,45.1584,OK,4.853417553,4.880307581,37.51936,0.8308390023,1.07130853,OK,5.261632392,5.284252563,43.99104,0.9741496599,0.852886406
OSS/iverilog-10.2/ivlpp.bc,OK,5.547958516,5.568135172,112.553984,OK,5.320816663,5.424111969,83.21024,0.7392918228,1.026552402,OK,5.626092625,5.648294037,109.760512,0.9751810473,0.7581072508
OSS/jfsutils-1.1.15/jfs_debugfs.bc,OK,8.762250891,8.808401735,147.386368,OK,8.825864427,8.879970177,139.6736,0.9476697329,0.9919404637,OK,8.653804196,8.672572944,141.832192,0.9623155379,0.9847806625
OSS/joe-4.6/joe.bc,OK,193.9899904,194.1320098,1671.307264,OK,196.4233081,196.6400149,227.749888,0.1362705069,0.9872457035,OK,197.9829315,197.8442766,1525.272576,0.9126224775,0.1493175001
OSS/julius-4.5/julius.bc,OK,5.143555689,5.832629869,254.738432,OK,4.929485918,5.080394763,231.5264,0.9088789555,1.148066271,OK,4.813111958,5.036740967,252.796928,0.992378441,0.9158592307
OSS/kmod-26/kmod.bc,OK,660.1895056,660.3159227,3308.064768,OK,685.9508412,686.0362364,856.748032,0.2589876838,0.9625088117,OK,695.9458969,696.1125094,3310.616576,1.00077139,0.2587880572
OSS/krb5/kdb5_ldap_util.bc,OK,7.146332503,7.164110631,113.659904,OK,6.829394613,6.904382148,41.992192,0.3694547551,1.037617918,OK,7.340828151,7.408270877,109.236224,0.9610796785,0.3844163636
OSS/lbreakout2-2.6.5/lbreakout2.bc,OK,117.9289675,118.056347,3084.537856,OK,109.5409506,109.8203423,884.637696,0.2867974839,1.074995256,OK,117.0296399,117.364353,2834.39104,0.918902984,0.3121085565
OSS/lbreakout2-2.6.5/lbreakout2server.bc,OK,77.57704555,77.77640789,381.054976,OK,78.69676879,78.71661462,295.54688,0.7756016812,0.9880558033,OK,80.24928427,80.66863186,362.029056,0.9500704066,0.8163623198
OSS/lcdproc-0.5.9/LCDd.bc,OK,25.87085115,26.11235989,479.96928,OK,26.68686312,26.67238429,332.8,0.6933777095,0.979003587,OK,27.2122164,27.33648466,490.094592,1.02109575,0.6790525858
OSS/lcdproc-0.5.9/lcdproc.bc,OK,60.39140332,60.44473942,854.85568,OK,59.51807623,59.5803013,746.92608,0.8737452385,1.014508791,OK,61.95717254,62.25252302,885.628928,1.035998179,0.8433849171
OSS/lightdm-1.28.0/lightdm.bc,OK,5.52785636,5.5484136,248.901632,OK,4.583684521,4.708159015,95.748096,0.3846824757,1.178467758,OK,5.337616957,5.44458975,253.82912,1.019796929,0.3772147813
OSS/links-2.19/links.bc,OK,2511.935286,2512.239909,29761.13869,OK,2740.042646,2740.480057,3929.980928,0.1320507582,0.9167152675,OK,2603.719719,2604.380603,27687.88685,0.930336945,0.1419386373
OSS/links-2.19/xlinks.bc,OK,2522.842113,2523.140178,29587.36179,OK,2760.015071,2760.112103,3921.104896,0.1325263443,0.914144094,OK,2593.915499,2594.108472,27589.57056,0.9324782235,0.1421227231
OSS/lldpd-1.0.3/lldpcli.bc,OK,12.8890759,12.93721656,657.465344,OK,11.35278163,11.38007257,68.718592,0.104520478,1.136830761,OK,14.37779547,14.47612956,601.501696,0.914879699,0.1142450511
OSS/lldpd-1.0.3/lldpd.bc,OK,23.53483279,23.60092468,759.226368,OK,24.63108153,24.73599232,142.606336,0.187831116,0.9541127104,OK,28.04253912,28.12020311,704.868352,0.9284034139,0.2023162703
OSS/logrotate-3.15.0/logrotate.bc,OK,20.17640228,20.22099525,277.512192,OK,22.63191934,22.66811338,144.531456,0.5208111938,0.8920457961,OK,23.6361482,23.74017109,239.497216,0.8630151139,0.6034786475
OSS/ltrace-0.7.3/ltrace.bc,OK,153.4773638,153.5203409,1930.084352,OK,150.0685353,149.9885404,1536.192512,0.7959198832,1.023547136,OK,155.033853,155.0524765,1914.658816,0.9920078436,0.802332248
OSS/ltris-1.0.19/ltris.bc,OK,1384.332464,1384.380073,819.904512,OK,1370.526269,1370.556057,433.762304,0.5290400256,1.010086429,OK,1422.636795,1422.712071,814.514176,0.9934256539,0.5325411353
OSS/lvm2-2.02.184/dmsetup.bc,OK,9.313360925,9.332488512,264.605696,OK,9.425360435,9.444450098,230.961152,0.8728502655,0.9881452509,OK,9.829856705,9.91236574,252.055552,0.9525703936,0.9163105124
OSS/lvm2-2.02.184/lvm.bc,OK,15.6966551,16.12411033,592.0768,OK,16.1717524,16.25987776,534.790144,0.9032445521,0.9916501568,OK,15.10592907,15.39629417,588.541952,0.9940297475,0.9086695386
OSS/lxsession-0.5.4/lxsession-db.bc,OK,9.263980612,9.284134626,106.876928,OK,9.596809174,9.61595036,59.805696,0.559575365,0.965493194,OK,9.267491492,9.316306367,107.941888,1.009964358,0.5540545668
OSS/lxsession-0.5.4/lxsession.bc,OK,145.9950275,146.1240906,5831.380992,OK,81.22342963,81.5652813,129.671168,0.02223678545,1.791498641,OK,142.165654,142.3162344,5796.573184,0.9940309494,0.02237031499
OSS/mairix-0.24/mairix.bc,OK,80.6457093,80.69226232,1084.94848,OK,80.12176703,80.17257181,161.501184,0.1488560858,1.006482148,OK,82.34465432,82.424319,1060.06528,0.9770650861,0.1523502251
OSS/metacity-3.30.1/metacity-theme-viewer.bc,OK,167.7277085,167.7563873,44.077056,OK,179.1635686,179.1884189,43.1104,0.9780689527,0.9362010576,OK,179.9491073,179.9725217,44.449792,1.008456463,0.9698673056
OSS/metacity-3.30.1/metacity.bc,OK,2110.70838,2111.028761,36323.78266,OK,2362.721899,2362.904127,6329.348096,0.1742480445,0.8934043227,OK,2218.577747,2218.632832,32895.66003,0.9056231929,0.1924067822
OSS/mfoc-0.10.7+38+gb333a79/mfoc.bc,OK,14.74012033,14.76064269,46.518272,OK,14.47882027,14.52009736,34.680832,0.7455313903,1.016566372,OK,15.21222895,15.23638379,46.231552,0.9938364005,0.7501550456
OSS/minidlna-1.2.1/minidlnad.bc,OK,134.9641004,134.9842157,1837.883392,OK,133.0743117,133.1445057,651.415552,0.354437912,1.013817394,OK,135.6194394,135.7001871,1816.764416,0.9885090773,0.3585580751
OSS/miniupnpd-2.1.20190210/miniupnpd.bc,OK,118.6629941,118.6883399,910.983168,OK,95.2692328,95.41707832,819.26144,0.8993156721,1.243889899,OK,116.9806043,117.0322542,857.972736,0.9418096471,0.9548805057
OSS/mmsrip-0.7.0/mmsrip.bc,OK,5.485593049,5.529341755,162.361344,OK,6.090166726,6.116335007,122.953728,0.7572844925,0.904028597,OK,6.382317361,6.428287858,167.903232,1.034133051,0.7322892272
OSS/moserial-3.0.12/moserial.bc,OK,422.0754633,422.2609451,108.978176,OK,585.4426845,585.4809032,106.835968,0.9803427798,0.721220697,OK,668.5907929,668.6442577,109.252608,1.002518229,0.9778802534
OSS/most-5.1.0/most.bc,OK,316.3832775,316.3965969,744.873984,OK,343.6506497,343.7641749,70.627328,0.09481782089,0.9203885104,OK,354.3033799,354.3282877,650.268672,0.8729915207,0.1086125336
OSS/mpg123-1.25.10/mpg123.bc,OK,255.8307205,255.5246404,756.596736,OK,240.1633471,240.1201976,443.51488,0.5861971892,1.064153049,OK,261.9089785,261.9562289,720.224256,0.9519262002,0.6158010874
OSS/mpop-1.4.3/mpop.bc,OK,18.12660708,18.15221264,462.176256,OK,18.03170132,18.04805674,298.96704,0.6468680208,1.005771031,OK,18.7263758,18.75616647,444.70272,0.9621929172,0.6722851616
OSS/msmtp-1.8.3/msmtp.bc,OK,22.21756654,22.24031927,573.186048,OK,20.89952942,20.94825122,87.904256,0.1533607741,1.061679041,OK,23.64145571,23.72398624,550.551552,0.9605110835,0.1596658036
OSS/mtools-4.0.23/mtools.bc,OK,76.12183474,76.42056358,688.123904,OK,73.2567117,73.34039403,486.387712,0.7068315883,1.041998268,OK,70.58097179,70.60054583,702.414848,1.020767981,0.6924507837
OSS/mtpaint-3.40/mtpaint.bc,OK,36.72550933,36.75212719,633.475072,OK,32.69846347,33.06405575,230.903808,0.3645033849,1.111543226,OK,35.90542936,35.96004248,633.901056,1.000672456,0.3642584372
OSS/mtr-0.92/mtr.bc,OK,600.2389544,600.2681838,919.494656,OK,571.5039058,571.5603905,780.066816,0.8483647087,1.050227052,OK,603.8013656,603.8523888,915.88608,0.9960754791,0.8517072516
OSS/musepack-0.1+r475/mpc2sv8.bc,OK,16.93630365,17.03623832,58.683392,OK,16.91087042,16.98800353,51.904512,0.8844838417,1.002839344,OK,16.64631394,16.74434716,63.8976,1.088853214,0.8123076923
OSS/musepack-0.1+r475/mpcenc.bc,OK,48.62155643,48.67213126,392.142848,OK,39.06950581,39.26496178,206.49984,0.5265934112,1.239581781,OK,46.29601379,46.38023069,417.890304,1.065658359,0.4941484357
OSS/mutt-1.11.4/mutt_pgpring.bc,OK,16.02150593,16.05214259,48.197632,OK,15.18088513,15.20811256,40.378368,0.8377666355,1.055498671,OK,15.64311768,15.66006643,47.366144,0.9827483641,0.8524731927
OSS/naim/naim.bc,OK,727.7509115,727.8762625,2903.396352,OK,625.1366248,625.3570034,1950.613504,0.6718385186,1.163937173,OK,741.9135586,741.9922512,2720.391168,0.9369685838,0.7170341997
OSS/namazu-2.0.21/namazu.bc,OK,7.608329609,7.627995248,142.688256,OK,7.314403376,7.356038318,35.270656,0.2471868182,1.03697057,OK,7.533123203,7.680202861,139.014144,0.9742507751,0.2537199092
OSS/namazu-2.0.21/namazu.cgi.bc,OK,5.111677119,5.152177203,97.09568,OK,4.783470591,4.84037093,29.929472,0.3082472052,1.064417847,OK,4.994453006,5.016249167,91.901952,0.9465091753,0.3256674243
OSS/nanomsg-1.1.5/nanocat.bc,OK,5.317800796,5.364129435,77.479936,OK,5.24645259,5.272133047,53.78048,0.6941213787,1.017449557,OK,5.328287299,5.372179954,76.288,0.9846161979,0.704966443
OSS/nasm-2.14.02/ldrdf.bc,OK,15.42834307,15.48409148,146.542592,OK,13.47411762,13.51607418,57.643008,0.3933532717,1.14560569,OK,14.53575612,14.58846529,150.339584,1.025910501,0.383418701
OSS/nasm-2.14.02/nasm.bc,OK,2730.865969,2731.115941,7286.632448,OK,2680.548475,2680.636184,1788.690432,0.2454755945,1.01883126,OK,2791.463382,2791.832368,6644.224,0.9118374019,0.2692098328
OSS/nasm-2.14.02/ndisasm.bc,OK,8.635301128,8.656126459,133.668864,OK,7.554904117,7.604337964,112.594944,0.8423423423,1.138314275,OK,7.985602171,8.00830676,129.015808,0.9651896795,0.8727220776
OSS/nauty-26r11/addedgeg.bc,OK,43.53154378,43.47605041,98.521088,OK,41.13178907,41.19222304,90.116096,0.9146883965,1.055443169,OK,43.32660918,43.38818005,95.8464,0.9728516193,0.9402136752
OSS/nauty-26r11/complg.bc,OK,62.59782673,62.62006501,231.34208,OK,61.61476244,61.67603121,217.587712,0.9405453258,1.015306332,OK,62.63110603,62.83622622,219.901952,0.9505488669,0.989476037
OSS/nauty-26r11/countg.bc,OK,92.074145,92.4881292,127.488,OK,87.53006155,87.58798598,114.864128,0.9009799197,1.055945381,OK,91.00235188,91.04452318,123.355136,0.9675823293,0.9311661575
OSS/nauty-26r11/cubhamg.bc,OK,21.53243511,21.56017628,93.425664,OK,20.82146241,20.91627967,86.802432,0.9291069315,1.030784471,OK,21.33940537,21.35996013,90.415104,0.9677758779,0.9600434901
OSS/nauty-26r11/deledgeg.bc,OK,82.34423251,82.37217798,117.788672,OK,79.33076509,79.53603498,108.539904,0.9214799875,1.035658592,OK,83.95262956,84.00439658,113.205248,0.9610877352,0.9587886244
OSS/nauty-26r11/delptg.bc,OK,14.04859999,14.06810848,94.9248,OK,13.22888892,13.30875487,85.581824,0.901574973,1.057056698,OK,14.40825883,14.4281163,92.63104,0.9758360302,0.9239000663
OSS/nauty-26r11/dreadnaut.bc,OK,1657.956143,1658.008088,982.278144,OK,1594.828046,1594.944358,899.95264,0.9161892133,1.039539768,OK,1713.446857,1713.580484,917.725184,0.9342824022,0.9806341328
OSS/nauty-26r11/genrang.bc,OK,5.617428264,5.744323286,95.358976,OK,5.195911524,5.292159263,81.358848,0.8531850006,1.085440366,OK,5.678935656,5.800127675,93.548544,0.9810145612,0.8696965717
OSS/nauty-26r11/labelg.bc,OK,1090.354481,1090.391953,802.656256,OK,1028.104971,1028.212046,545.251328,0.6793086379,1.060473816,OK,1117.694686,1117.764503,745.59488,0.9289093238,0.7312970389
OSS/nauty-26r11/newedgeg.bc,OK,150.7268608,150.7524869,91.951104,OK,143.6973783,143.728915,85.827584,0.933404606,1.048866798,OK,158.8228549,159.2643056,89.174016,0.9697982093,0.9624730146
OSS/nauty-26r11/NRswitchg.bc,OK,23.27715363,23.3560614,90.107904,OK,21.66237646,21.78451911,84.320256,0.9357698077,1.072140325,OK,22.83236254,22.85230722,88.1664,0.9784535661,0.9563763066
OSS/nauty-26r11/pickg.bc,OK,92.00339667,92.035949,127.488,OK,87.60374829,87.70419596,114.864128,0.9009799197,1.049390488,OK,88.63598326,88.72034522,123.2896,0.9670682731,0.9316611296
OSS/nauty-26r11/planarg.bc,OK,99.76516237,99.78395836,699.650048,OK,83.87167382,83.82439858,582.79936,0.8329869506,1.190392774,OK,90.25476397,90.27661937,667.185152,0.9535983795,0.8735196793
OSS/nauty-26r11/shortg.bc,OK,574.5158011,574.5680456,793.923584,OK,533.4034221,533.4240109,546.975744,0.6889526335,1.077131951,OK,581.9267511,581.956269,736.239616,0.9273431736,0.7429316925
OSS/nauty-26r11/twohamg.bc,OK,13.35581306,13.37650018,119.980032,OK,13.66259628,13.70019957,109.105152,0.9093609177,0.9763726513,OK,13.73136068,13.75166629,114.106368,0.9510446538,0.9561705794
OSS/nauty-26r11/vcolg.bc,OK,11.54750841,11.65631443,85.741568,OK,11.03939433,11.07232078,76.845056,0.896240386,1.052743564,OK,11.45874394,11.5323238,82.665472,0.9641236325,0.9295907244
OSS/nauty-26r11/watercluster2.bc,OK,432.0538864,432.1080313,681.472,OK,427.411239,427.4321378,627.986432,0.9215146506,1.010939499,OK,440.025406,440.1363725,653.316096,0.9586836965,0.9612290832
OSS/ncdu-1.14/ncdu.bc,OK,156.5006128,156.5282847,1756.581888,OK,162.1398126,162.2639276,749.867008,0.4268898667,0.9646523846,OK,166.1679964,166.1964152,1502.011392,0.8550762149,0.4992418912
OSS/ncftp-3.2.6/ncftp.bc,OK,249.5840014,249.6085226,4146.3808,OK,251.1843942,251.4400839,1332.678656,0.3214076855,0.9927157147,OK,263.7906962,263.9482635,4063.5392,0.9800207448,0.3279600837
OSS/ncftp-3.2.6/ncftpbookmarks.bc,OK,11.50856273,11.54063953,305.872896,OK,11.44411801,11.52817181,234.266624,0.7658953345,1.001081501,OK,12.33319628,12.36032778,290.299904,0.9490867213,0.8069814036
OSS/ncftp-3.2.6/ncftpls.bc,OK,273.5867362,273.6361647,3366.674432,OK,264.1761752,264.2000471,3253.735424,0.9664538374,1.035715806,OK,278.9296318,278.9564336,3221.061632,0.956748773,1.010143796
OSS/ncftp-3.2.6/ncftpput.bc,OK,1077.355325,1077.384383,18161.72134,OK,1006.656574,1006.739984,7863.721984,0.4329832969,1.070171445,OK,1149.544279,1149.616484,17694.5193,0.9742754536,0.444415689
OSS/ncurses-6.1/infocmp.bc,OK,50.47142453,50.49250371,1270.616064,OK,50.03753956,50.43625649,95.059968,0.07481407696,1.001115214,OK,53.47553033,53.52433399,1343.42656,1.057303302,0.07075933351
OSS/ncurses-6.1/tic.bc,OK,81.97326911,81.99256985,1346.719744,OK,83.93117887,83.95232553,594.325504,0.4413134259,0.9766563264,OK,89.43293139,89.45617215,1472.741376,1.093576732,0.40355049
OSS/ndctl-64.1/ndctl.bc,OK,127.0615229,127.0838076,2923.008,OK,122.3137132,122.3961709,171.319296,0.05861061482,1.038298883,OK,122.4058707,122.4844475,2894.163968,0.9901320722,0.05919474428
OSS/nemo-4.0.6/nemo-desktop.bc,OK,9.427651725,9.655974794,430.813184,OK,9.054072749,9.280449481,429.395968,0.9967103699,1.04046413,OK,8.154567339,8.176792429,431.116288,1.000703562,0.9960096149
OSS/nemo-4.0.6/nemo.bc,OK,9.695838674,9.952209997,434.868224,OK,9.454273776,9.912428205,433.655808,0.9972119922,1.004013325,OK,9.159165609,9.496605067,435.236864,1.000847705,0.9963673665
OSS/netdata-1.13.0/apps.plugin.bc,OK,101.2179507,101.279948,2564.194304,OK,94.29467965,94.38804955,1504.067584,0.5865653713,1.073016642,OK,97.82136088,97.84412248,2342.391808,0.9135001214,0.6421076008
OSS/netdata-1.13.0/cgroup-network.bc,OK,13.49029068,13.5120707,639.606784,OK,10.86578462,10.94424641,100.069376,0.1564545257,1.234627784,OK,12.82161614,12.84846811,584.781824,0.9142833357,0.1711225826
OSS/nettle-3.4.1/sexp-conv.bc,OK,19.21466517,19.24001926,469.671936,OK,18.12931782,18.24023907,193.6384,0.4122843737,1.054811792,OK,19.26770197,19.32027965,458.81344,0.9768806795,0.4220416908
OSS/nginx-mainline-1.15.12/nginx.bc,OK,25.87606754,26.42418387,909.76256,OK,24.98417109,25.25197575,500.092928,0.5496960965,1.046420452,OK,24.66680142,25.2682411,863.60064,0.949259376,0.5790789224
OSS/ngircd-25/ngircd.bc,OK,33.81115004,34.14810662,531.365888,OK,31.05889704,31.1045061,348.475392,0.6558106191,1.097850791,OK,32.31295962,32.35235204,532.934656,1.002952331,0.6538801485
OSS/nmap-7.70/ncat.bc,OK,188.4734848,188.5361598,1380.073472,OK,176.5889668,176.7043946,331.800576,0.2404223998,1.066957956,OK,188.0131413,188.1644348,1378.816,0.9990888369,0.2406416636
OSS/nsd-4.1.27/nsd-checkconf.bc,OK,30.1918821,30.44810059,519.634944,OK,28.43327994,28.6602674,367.22688,0.7067016648,1.062380199,OK,29.23959082,29.7044329,520.916992,1.002467209,0.7049623753
OSS/nsd-4.1.27/nsd-checkzone.bc,OK,350.9044369,351.0361033,4477.300736,OK,356.553729,356.6920109,3646.222336,0.8143795896,0.984143442,OK,361.2007166,361.6282399,4430.913536,0.9896394719,0.8229053233
OSS/nsd-4.1.27/nsd-control.bc,OK,28.05720939,28.10424261,480.620544,OK,27.98485931,28.00414673,361.545728,0.7522477608,1.003574323,OK,29.40023558,29.57616678,481.357824,1.001534017,0.7510955675
OSS/oidentd-2.3.2/oidentd.bc,OK,39.01307099,39.05645841,323.117056,OK,36.42790909,36.78815726,87.093248,0.2695408564,1.061658461,OK,42.01334586,42.17588871,323.305472,1.00058312,0.2693837734
OSS/opensmtpd-6.0.3p1/smtpd.bc,OK,46.63779279,46.72465342,1412.067328,OK,42.78156325,43.05210222,449.667072,0.3184459148,1.085304805,OK,45.21798563,45.36827622,1414.701056,1.001865158,0.3178530687
OSS/openssh-8.0p1/scp.bc,OK,76.41767646,76.49200081,927.014912,OK,73.70653626,74.06806401,374.345728,0.4038184534,1.032725802,OK,81.76474681,81.82848273,757.383168,0.8170129285,0.4942620114
OSS/openssh-8.0p1/sftp-server.bc,OK,72.66278859,72.68577217,884.076544,OK,80.21370804,80.28798726,493.072384,0.5577258975,0.9053131689,OK,81.29215755,81.31212907,716.443648,0.8103864455,0.6882221447
OSS/openssh-8.0p1/sftp.bc,OK,3035.680675,3035.812869,45902.75789,OK,3445.4836,3445.548104,9137.405952,0.1990600646,0.8810827123,OK,3450.572913,3450.640124,38780.59213,0.8448423125,0.2356180102
OSS/openssh-8.0p1/ssh-add.bc,OK,998.575686,998.6601306,14465.57696,OK,989.2161239,989.3283584,6119.2192,0.4230193664,1.009432432,OK,1011.828477,1012.164384,14202.31885,0.9818010638,0.4308605704
OSS/openssh-8.0p1/ssh-agent.bc,OK,66.3321263,66.35240603,248.336384,OK,66.77991125,66.83625286,106.098688,0.4272377905,0.9927607127,OK,65.17282261,65.25615834,224.751616,0.9050289465,0.4720708571
OSS/openssh-8.0p1/ssh-keygen.bc,OK,1212.172289,1212.216545,29670.33856,OK,1169.335946,1169.700035,1128.185856,0.03802403042,1.036348217,OK,1221.135985,1221.300521,28423.63494,0.9579814833,0.0396918219
OSS/openssh-8.0p1/ssh-keyscan.bc,OK,215.5202379,215.6240738,526.97088,OK,221.7907857,221.92426,264.433664,0.501799386,0.9716110972,OK,225.2062982,225.3321045,451.801088,0.8573549415,0.5852877982
OSS/openssh-8.0p1/ssh-keysign.bc,OK,197.0729756,197.0963312,3033.911296,OK,201.7428348,201.8883604,1843.703808,0.607698653,0.9762639648,OK,203.8859017,204.0802017,2938.691584,0.9686148662,0.6273893518
OSS/openssh-8.0p1/ssh-pkcs11-helper.bc,OK,82.67580546,82.70442197,674.07872,OK,94.5344145,94.60804217,613.449728,0.9100565109,0.874179616,OK,84.97826089,85.17631243,618.409984,0.9174150817,0.9919790169
OSS/openssh-8.0p1/ssh.bc,OK,76.51932776,76.8002334,302.313472,OK,65.01260032,65.18815857,209.047552,0.6914926768,1.178131659,OK,71.22677676,71.3441381,287.719424,0.9517254461,0.7265673937
OSS/openvswitch-2.11.0/ovsdb-tool.bc,OK,187.0540511,187.4041263,7421.587456,OK,170.4570515,170.6602116,621.453312,0.08373590094,1.098112586,OK,182.8600889,182.8883628,7626.9568,1.027671889,0.08148116323
OSS/openvswitch-2.11.0/vtep-ctl.bc,OK,5.615022165,6.164552061,214.872064,OK,5.858606075,5.876022376,178.507776,0.8307630721,1.049102891,OK,5.899947192,6.048296402,215.79776,1.004308126,0.8271993926
OSS/optipng-0.7.7/optipng.bc,OK,99.52716337,99.55224921,162.066432,OK,101.3474084,101.3681566,131.678208,0.8124952612,0.9820860178,OK,104.6986327,104.8083471,154.083328,0.9507417798,0.8545908873
OSS/osmo-0.4.2/osmo.bc,OK,10.06445418,10.25625247,381.616128,OK,8.755475609,8.976307185,158.920704,0.4164412674,1.14259152,OK,9.967437263,10.06433043,376.451072,0.98646531,0.4221550045
OSS/ostree-2019.1/ostree.bc,OK,9.602122848,9.683936083,450.547712,OK,7.200425891,7.360126733,88.18688,0.1957326109,1.315729529,OK,9.096160859,9.156192869,459.116544,1.019018701,0.1920795082
OSS/packeth-1.9/packETH.bc,OK,188.2025286,188.7083108,152.86272,OK,83.70278032,83.82426164,119.504896,0.7817792069,2.251237376,OK,140.9034826,140.9842055,153.522176,1.004314041,0.7784210667
OSS/pcb-4.1.3/pcb.bc,OK,7.529708424,7.773169801,421.863424,OK,8.552994954,8.672398891,406.196224,0.9628619143,0.8963113781,OK,8.710354799,9.12030915,422.100992,1.00056314,0.9623199938
OSS/pcre2-10.32/pcre2grep.bc,OK,20.49172776,20.68799636,102.653952,OK,19.40054708,19.42018255,53.420032,0.5203894342,1.065283311,OK,18.98153312,19.00048453,92.667904,0.9027212513,0.5764674682
OSS/pcre2-10.32/pcre2test.bc,OK,63.63260691,63.69611383,350.773248,OK,56.78430518,56.80434845,298.385408,0.8506504122,1.121324609,OK,65.73945784,65.79205149,323.485696,0.9222074313,0.9224068071
OSS/pgbouncer-1.9.0/pgbouncer.bc,OK,1405.155057,1405.652182,12775.36256,OK,1406.03925,1406.164428,4807.819264,0.3763352501,0.9996357139,OK,1470.447476,1470.548341,12084.4329,0.9459170211,0.3978522869
OSS/picocom-3.1/picocom.bc,OK,27.74990509,27.8365519,413.564928,OK,27.91257706,27.93206229,247.84896,0.5992987877,0.9965806181,OK,28.55191616,28.57258889,452.165632,1.093336503,0.5481375462
OSS/pixiewps-1.4.2/pixiewps.bc,OK,19.38119787,19.40857074,382.537728,OK,19.4868748,19.78812201,64.782336,0.1693488805,0.9808192376,OK,20.39115756,20.46005231,372.506624,0.973777478,0.1739092189
OSS/ponyc-0.28.0/ponyc.bc,OK,5.308925677,5.472386361,246.525952,OK,4.889451278,5.064361294,243.228672,0.9866250187,1.080567922,OK,5.262822674,5.436269428,246.116352,0.9983385116,0.9882670128
OSS/pork-0.99.8.1/pork.bc,OK,143.9935994,144.2480177,1080.147968,OK,142.8620087,143.2404374,488.374272,0.452136454,1.007034189,OK,144.5790437,144.7204079,1080.045568,0.9999051982,0.4521793214
OSS/postfix-3.4.5/postconf.bc,OK,5.227032219,5.28800597,133.595136,OK,4.409591725,4.544595942,69.607424,0.521032622,1.163581105,OK,4.814855752,4.872404153,129.355776,0.9682671082,0.5381083563
OSS/ppp-2.4.7/chat.bc,OK,250.250601,250.260243,450.957312,OK,233.1525755,233.2120774,187.039744,0.4147615285,1.073101555,OK,256.7895889,257.0322539,369.762304,0.8199496807,0.5058377828
OSS/ppp-2.4.7/pppd.bc,OK,1088.279827,1088.316186,20302.96269,OK,1061.329621,1061.427911,8058.466304,0.3969108562,1.025332172,OK,1102.018472,1102.136482,19582.79168,0.9645287724,0.4115075335
OSS/premake3-3.7/premake.bc,OK,207.4597497,207.5402456,1284.83328,OK,219.3227419,219.3563637,614.002688,0.4778851058,0.9461327771,OK,213.6289116,213.7086616,1207.68512,0.9399547309,0.5084128949
OSS/pwgen-2.08/pwgen.bc,OK,111.9470178,111.9041438,89.403392,OK,98.30133378,98.32054455,59.604992,0.6666972099,1.138156265,OK,94.24658803,94.26890667,88.039424,0.9847436661,0.6770261468
OSS/ratpoison-1.4.9/ratpoison.bc,OK,2166.714046,2166.824087,15227.82618,OK,2267.432643,2267.520044,12886.92122,0.8462745153,0.9555920323,OK,2212.028745,2212.292237,14922.57587,0.9799544397,0.863585572
OSS/rofi-1.5.2/rofi.bc,OK,2838.419067,2838.53695,21669.69958,OK,3157.046025,3157.284131,1316.286464,0.06074318007,0.899043872,OK,3164.67743,3164.847948,21325.70522,0.9841255592,0.06172299817
OSS/rox-2.11/ROX-Filer.bc,OK,361.9272358,362.2649213,9568.681984,OK,399.7108335,400.616026,328.84736,0.03436704873,0.9042696693,OK,418.3717234,418.7801727,9472.520192,0.9899503618,0.03471593128
OSS/sarg-2.3.11/sarg-2.3.11..bc,OK,34.51460601,34.55216657,871.170048,OK,33.39143599,33.46843675,197.271552,0.2264443692,1.032380653,OK,34.0411044,34.14418935,853.921792,0.9802010457,0.2310182898
OSS/sdparm-1.10/sdparm.bc,OK,615.6960113,615.7961177,7941.722112,OK,622.1473506,622.2321601,7004.827648,0.882028803,0.9896565256,OK,624.2275191,624.3121524,7753.080832,0.9762468042,0.9034895675
OSS/ser2net-3.5/ser2net.bc,OK,56.27033934,56.29237813,855.916544,OK,59.14912886,59.22830509,255.32416,0.2983049712,0.9504303398,OK,57.29951233,57.32444487,858.505216,1.003024444,0.2974054848
OSS/shairplay-20180824.096b61a/shairplay.bc,OK,7.29589901,7.320319124,66.469888,OK,7.223576386,7.240454268,64.577536,0.9715306877,1.011030365,OK,7.269897675,7.424380216,66.281472,0.9971653931,0.9742924237
OSS/shntool-3.0.10/shntool.bc,OK,666.7584076,666.9242944,14063.9191,OK,673.7131982,673.8083324,704.364544,0.05008309126,0.9897833884,OK,642.2671565,642.2968087,14276.29261,1.015100592,0.04933805739
OSS/slimevolley-2.4.2/slimevolley.bc,OK,23.41045412,23.53250767,127.639552,OK,20.49956839,20.5208525,102.055936,0.799563571,1.146760724,OK,23.26526649,23.31237897,120.877056,0.947018805,0.8442953475
OSS/slirp4netns-0.3.0/slirp4netns.bc,OK,193.0458589,193.1642064,2128.838656,OK,168.2901744,168.3131613,2034.05312,0.9554754722,1.147647664,OK,201.2694978,201.3562395,2011.037696,0.9446642141,1.011444551
OSS/sndio-1.5.0/aucat.bc,OK,28.22886978,28.55232129,228.139008,OK,27.17047952,27.31247807,90.984448,0.3988114474,1.045394754,OK,28.03531034,28.08830136,225.329152,0.9876835793,0.4037846288
OSS/socat-1.7.3.2/filan.bc,OK,360.0990354,360.1680872,4872.241152,OK,346.0843821,346.0840147,1683.795968,0.3455896199,1.04069553,OK,353.2847352,353.4125824,4571.983872,0.9383738878,0.3682856316
OSS/spectrwm-3.2.0/spectrwm.bc,OK,365.7775175,365.8240308,3778.891776,OK,378.1102004,378.1721575,2063.138816,0.5459639858,0.9673478694,OK,375.4874722,375.6124855,3459.411968,0.9154567458,0.5963842512
OSS/sshguard-2.3.1/sshg-parser.bc,OK,74.62539546,74.70037908,89.481216,OK,68.18585247,68.21198276,83.111936,0.9288199213,1.095121063,OK,68.98723122,69.00066775,89.452544,0.9996795752,0.9291176336
OSS/stalonetray-0.8.3/stalonetray.bc,OK,36.35065263,36.3719582,928.923648,OK,30.59171412,30.63703086,395.280384,0.4255251601,1.187189397,OK,37.1978826,37.24846269,912.785408,0.9826269468,0.4330485353
OSS/sthttpd-2.27.1/thttpd.bc,OK,49.8286962,49.84812288,1030.565888,OK,50.29967933,50.32021373,986.628096,0.9573653732,0.9906182663,OK,49.75572672,49.75228234,1050.628096,1.019467176,0.9390840582
OSS/stubby-0.2.6/stubby.bc,OK,9.777039801,9.836248571,136.032256,OK,8.929299871,8.948561361,66.41664,0.4882418476,1.099198874,OK,9.54930929,9.620532264,121.925632,0.8962994189,0.5447307421
OSS/sweep-0.9.3/sweep.bc,OK,6.166483198,6.468048893,244.740096,OK,5.810589901,5.920361357,225.140736,0.9199176583,1.09250914,OK,5.543658412,5.624640852,244.297728,0.9981924989,0.9215834214
OSS/sxhkd-0.6.0/sxhkd.bc,OK,1086.461462,1086.5359,238.16192,OK,1038.224551,1038.276081,138.481664,0.5814601427,1.046480719,OK,1088.457077,1088.572313,226.729984,0.9519993121,0.6107779022
OSS/tcpdump-4.9.2/tcpdump.bc,OK,11.74496712,11.89220714,449.425408,OK,11.26449047,11.51627481,404.000768,0.8989272987,1.032643571,OK,11.1244051,11.1962902,450.138112,1.001585812,0.8975040265
OSS/tcptrace-6.6.7/tcptrace.bc,OK,659.9227721,659.8040818,3091.980288,OK,653.9073258,654.276064,1901.707264,0.6150450801,1.00844906,OK,646.7152113,646.7725421,2901.737472,0.938472177,0.6553684757
OSS/the_silver_searcher-2.2.0/ag.bc,OK,6.258124786,6.315799152,155.844608,OK,5.45409423,5.476620126,79.253504,0.5085418419,1.153229365,OK,5.952779895,6.020648818,140.894208,0.904068545,0.5625036339
OSS/tig-2.4.1/tig.bc,OK,1162.740018,1163.032129,4210.327552,OK,1183.261589,1183.444057,3591.2704,0.8529669855,0.9827520975,OK,1196.780902,1196.816317,3976.220672,0.9443969912,0.9031868944
OSS/tilda-1.4.1/tilda.bc,OK,10.27791492,10.300313,115.277824,OK,10.01042506,10.03605698,51.789824,0.4492609437,1.026330662,OK,10.49271619,10.68019711,114.962432,0.9972640705,0.4504934621
OSS/tinc-1.0.35/tincd.bc,OK,2184.526385,2184.463989,16676.08986,OK,2224.844048,2224.932439,13852.12723,0.8306579871,0.9818113805,OK,2218.973299,2219.032102,15407.67744,0.9239382595,0.8990405779
OSS/tint2-16.6.1/tint2.bc,OK,244.9465194,244.9686322,1057.87392,OK,266.7511122,266.7762217,974.954496,0.9216169125,0.9182551229,OK,270.8786371,271.1441382,1048.006656,0.990672552,0.9302941832
OSS/tinyproxy-1.10.0/tinyproxy.bc,OK,34.96309186,34.98854118,656.760832,OK,36.51519155,36.54007268,271.2576,0.4130234125,0.9575389049,OK,36.62043776,36.69641511,623.194112,0.9488904966,0.4352698377
OSS/tmux-2.8/tmux.bc,OK,805.330687,805.3686222,10665.89798,OK,849.5919974,849.6560812,8593.358848,0.8056854529,0.9478760171,OK,830.3887964,830.6846508,9961.14432,0.9339245827,0.8626879174
OSS/tnftp-20151004/tnftp.bc,OK,53.0581539,53.08082336,1287.90528,OK,51.53707916,51.62857509,225.005568,0.174706612,1.028128769,OK,52.10965673,52.46086646,1194.115072,0.92717616,0.1884287145
OSS/tor-0.3.5.8/tor-resolve.bc,OK,58.19947769,58.35595586,1929.928704,OK,52.89644145,53.10001034,70.365184,0.03645999143,1.098982006,OK,53.67434322,53.69648295,1893.404672,0.981074932,0.03716330959
OSS/toxcore-0.2.9/DHT_bootstrap.bc,OK,22.6323442,22.65603185,260.325376,OK,22.04619364,22.28390264,199.819264,0.7675750519,1.016699463,OK,21.6525383,21.6084158,257.949696,0.9908741897,0.7746443089
OSS/udftools-2.1/cdrwtool.bc,OK,6.93208047,7.148437608,251.74016,OK,5.704504319,5.763998095,42.397696,0.1684184836,1.240187365,OK,6.771111701,6.792173525,252.23168,1.001952489,0.1680902891
OSS/udftools-2.1/udfinfo.bc,OK,5.799669442,5.820261584,150.183936,OK,5.153582128,5.176109437,34.660352,0.2307860143,1.124447165,OK,5.431391322,5.484629278,149.143552,0.9930726013,0.2323959134
OSS/udftools-2.1/udflabel.bc,OK,7.227437807,7.192064339,178.577408,OK,6.319450054,6.340112485,38.694912,0.2166842516,1.13437488,OK,6.656515334,6.676571346,177.11104,0.9917886142,0.2184782609
OSS/udftools-2.1/wrudf.bc,OK,61.44197668,61.41602707,875.229184,OK,61.16302286,61.21197896,485.433344,0.5546356919,1.003333467,OK,58.6202868,58.42053962,855.298048,0.9772275235,0.5675604488
OSS/udns-0.4/dnsget.bc,OK,6.69515088,6.748443101,100.343808,OK,6.366972338,6.388290779,48.480256,0.4831414809,1.056376946,OK,6.954293714,7.008415877,97.05472,0.967221814,0.4995146655
OSS/uget-2.2.1/uget-gtk.bc,OK,24.77811557,24.80015258,704.4096,OK,22.82651013,22.94404444,159.756288,0.2267945922,1.080897165,OK,23.90217275,24.03624303,679.231488,0.9642564326,0.2352015341
OSS/unbound-1.9.1/unbound-checkconf.bc,OK,351.1535475,351.3842631,5120.970752,OK,357.7999718,358.0080975,2193.518592,0.4283403867,0.9814980878,OK,372.3950842,372.6962232,4978.868224,0.9722508612,0.4405657056
OSS/unbound-1.9.1/unbound-control.bc,OK,17.34330862,17.54001871,525.258752,OK,15.19080153,15.32003949,347.389952,0.6613691836,1.144906887,OK,16.45634027,16.55631918,516.17792,0.9827116979,0.673004285
OSS/unbound-1.9.1/unbound-host.bc,OK,137.8423008,137.94003,1416.23296,OK,132.5658401,133.0081235,188.792832,0.1333063397,1.037079739,OK,128.7103883,128.7644164,1379.352576,0.9739588154,0.1368706126
OSS/unbound-1.9.1/unbound.bc,OK,777.1133976,777.2762907,7781.019648,OK,850.8088302,851.1641769,6718.13632,0.8634005084,0.9131919691,OK,887.4719556,888.3040642,7566.299136,0.9724045791,0.8879025531
OSS/unhide-20130526/unhide-linux.bc,OK,18.58140852,18.5959723,181.866496,OK,15.91631314,16.09210682,162.22208,0.8919844148,1.155595877,OK,17.69736275,17.77614672,205.119488,1.127857481,0.7908662487
OSS/unifdef-2.11/unifdef.bc,OK,22.0919854,22.11594663,237.912064,OK,20.59116553,20.6720795,101.347328,0.4259865023,1.069846245,OK,22.24715351,22.26441311,239.542272,1.006852145,0.4230874457
OSS/unpaper-6.1/unpaper.bc,OK,77.19436732,77.21199013,307.843072,OK,71.73089183,71.84408803,270.286848,0.878002049,1.074715989,OK,72.89005133,72.94446703,287.686656,0.9345237303,0.9395181958
OSS/unrtf-0.21.10/unrtf.bc,OK,11.95537824,12.00005339,192.32768,OK,11.273656,11.33210967,91.840512,0.4775210308,1.058942575,OK,11.51412971,11.4602726,165.789696,0.8620168246,0.553957901
OSS/usb_modeswitch-2.5.2/usb_modeswitch.bc,OK,7.838604836,7.856010693,135.135232,OK,6.764619455,6.7046925,115.965952,0.8581474297,1.171718269,OK,7.14185508,7.160791959,123.1872,0.9115846266,0.9413798836
OSS/uucp-1.07/cu.bc,OK,129.8380053,129.8599852,4046.962688,OK,124.2954121,124.3161176,2777.86624,0.6864076727,1.044594922,OK,127.9716944,127.9963528,4086.0672,1.009662682,0.6798386086
OSS/uucp-1.07/uuchk.bc,OK,31.42970604,31.44792994,201.252864,OK,28.85142044,28.92412547,97.05472,0.4822526153,1.087256034,OK,30.32577555,30.39627154,189.452288,0.941364432,0.5122910946
OSS/uucp-1.07/uuconv.bc,OK,28.70990072,28.73201254,210.71872,OK,26.55974645,26.61208205,96.636928,0.4586062785,1.079660452,OK,27.17514455,27.22415482,197.881856,0.9390805715,0.488356689
OSS/uucp-1.07/uucp.bc,OK,115.5157914,115.5359759,2671.767552,OK,111.0448248,111.072431,1800.278016,0.6738153604,1.040185893,OK,114.525556,114.6125994,2703.62624,1.011924199,0.6658753305
OSS/uucp-1.07/uupick.bc,OK,16.65996033,16.68014757,414.056448,OK,15.1464386,15.16873056,274.235392,0.6623140234,1.09964031,OK,16.86044209,16.88026057,414.834688,1.00187955,0.6610715062
OSS/uucp-1.07/uustat.bc,OK,476.4908747,476.5321582,8027.820032,OK,476.2722375,476.3283852,2748.25216,0.3423410277,1.000427799,OK,490.4366215,490.4641443,8001.417216,0.9967110852,0.3434706735
OSS/uucp-1.07/uux.bc,OK,500.2019648,500.2282927,11265.07315,OK,499.3308061,499.5484776,5515.075584,0.4895729934,1.001360859,OK,513.6049662,513.6283066,11130.03622,0.9880127786,0.4955128153
OSS/uucp-1.07/uuxqt.bc,OK,24.77291945,24.79624593,632.9344,OK,23.3362148,23.42405447,249.856,0.3947581298,1.058580442,OK,25.75088666,25.7843128,623.951872,0.9858081217,0.4004411417
OSS/vice-3.3/cartconv.bc,OK,4.995245747,5.020382259,143.294464,OK,4.552218869,4.616437497,31.084544,0.2169277384,1.087501404,OK,5.15041123,5.172325139,141.750272,0.9892236451,0.2192908949
OSS/vice-3.3/petcat.bc,OK,14.4495937,14.5081461,152.264704,OK,12.41345134,12.4321724,75.984896,0.4990315812,1.166983986,OK,13.90502908,13.92828672,146.0224,0.9590036047,0.5203646564
OSS/vice-3.3/x128.bc,OK,45.29978221,45.88839003,1286.311936,OK,45.4414657,45.84798416,1029.689344,0.8004973873,1.000881301,OK,44.27721255,44.32839149,1262.444544,0.9814450979,0.8156313471
OSS/vice-3.3/x64.bc,OK,43.18356579,43.91635448,1220.243456,OK,40.88997216,41.49625764,959.729664,0.7865067084,1.058320846,OK,43.45529382,43.54820886,1204.293632,0.9869289821,0.7969233072
OSS/vice-3.3/x64dtv.bc,OK,37.11423545,37.4401785,983.506944,OK,36.49073367,36.60407798,770.547712,0.7834695186,1.022841732,OK,37.12914103,37.48404061,960.774144,0.9768859792,0.8020071281
OSS/vice-3.3/x64sc.bc,OK,43.60240319,44.8720103,1215.578112,OK,42.33745802,42.66415662,947.99872,0.779874786,1.051749615,OK,42.49899713,42.63649134,1196.224512,0.9840786867,0.7924923043
OSS/vice-3.3/xcbm2.bc,OK,29.00209805,29.79627374,761.798656,OK,25.60277129,27.53707732,564.973568,0.7416310905,1.082041983,OK,29.60356751,29.72852007,749.674496,0.9840848236,0.753625168
OSS/vice-3.3/xcbm5x0.bc,OK,29.85082606,29.98015552,768.663552,OK,29.56884877,29.83203049,571.572224,0.743592203,1.004965302,OK,27.58425177,28.61677125,758.226944,0.9864223977,0.7538273712
OSS/vice-3.3/xpet.bc,OK,29.73103687,30.16009527,756.338688,OK,29.64816379,29.85608535,579.596288,0.7663184459,1.010182511,OK,30.43372404,30.55209793,749.051904,0.990365713,0.773773199
OSS/vice-3.3/xplus4.bc,OK,31.82676134,32.0811274,946.2784,OK,35.86229266,36.04007436,772.706304,0.8165739639,0.8901515318,OK,35.81900842,36.03238967,928.485376,0.9811968402,0.8322223742
OSS/vice-3.3/xscpu64.bc,OK,43.4783085,43.98025157,1208.1152,OK,42.4715395,42.82429163,946.9952,0.7838616715,1.02699309,OK,43.83521442,45.06407174,1190.649856,0.9855433124,0.7953599417
OSS/vice-3.3/xvic.bc,OK,42.12911592,42.20801751,1132.744704,OK,41.33987265,41.80419282,804.5568,0.710271959,1.009659909,OK,42.39025952,43.19235428,1118.765056,0.9876586066,0.719147238
OSS/visitors-0.7/visitors.bc,OK,15.30988882,15.37194709,301.973504,OK,15.04511097,15.06799768,175.484928,0.5811269058,1.020171852,OK,14.58995479,14.66068571,298.962944,0.9900303836,0.5869788598
OSS/vnstat-2.1/vnstat.bc,OK,33.26669492,33.29996236,1016.291328,OK,29.39259646,29.44405846,165.265408,0.1626161746,1.130956943,OK,32.83686907,32.86413709,1004.273664,0.9881749813,0.1645621248
OSS/vnstat-2.1/vnstatd.bc,OK,28.59185637,28.61595471,608.079872,OK,26.1403064,26.19219287,263.397376,0.4331624646,1.092537568,OK,27.34311657,27.41257261,586.932224,0.9652222529,0.4487696624
OSS/vnstat-2.1/vnstati.bc,OK,14.16707288,14.21613605,481.652736,OK,11.28930826,11.30803579,61.62432,0.1279434651,1.257171123,OK,12.8681602,12.88889464,486.580224,1.010230375,0.1266478105
OSS/vorbisgain-0.37/vorbisgain.bc,OK,7.424963695,7.480027907,97.869824,OK,7.215486528,7.236284488,68.640768,0.7013476186,1.033683504,OK,7.16009263,7.300564056,92.499968,0.9451326693,0.7420626135
OSS/vpnc-0.5.3.r454.r67/vpnc.bc,OK,242.4098427,242.4519925,4508.413952,OK,243.1276,243.1562081,2389.36064,0.5299780955,0.9971038553,OK,245.6627489,245.6923748,4144.463872,0.9192731449,0.5765186316
OSS/w3m-0.5.3.git20180125/w3m.bc,OK,99.29581773,99.46449687,374.145024,OK,96.80353318,96.99639585,340.246528,0.9093974426,1.025445286,OK,98.51024313,98.71238777,367.484928,0.9821991592,0.9258788649
OSS/wavemon-0.9.0/wavemon.bc,OK,7.489521773,7.508360073,125.517824,OK,6.789141654,6.848395284,91.267072,0.7271243963,1.0963678,OK,6.779549934,6.836483143,120.36096,0.9589152852,0.758278033
OSS/wavpack-5.1.0/wavpack.bc,OK,19.12594761,19.19217019,207.458304,OK,18.84796259,18.89992819,168.148992,0.8105194574,1.015462598,OK,17.80007268,17.82443075,203.501568,0.9809275603,0.8262786064
OSS/wavpack-5.1.0/wvunpack.bc,OK,8.277567321,8.304000564,137.682944,OK,7.271728056,7.336452914,119.005184,0.8643422384,1.131882214,OK,7.576556086,7.596636143,137.281536,0.9970845481,0.8668695548
OSS/wcslib-6.2/wcsware.bc,OK,1324.321697,1324.436033,4504.133632,OK,1334.69296,1334.796157,3678.326784,0.8166557843,0.9922384227,OK,1408.243105,1408.424328,4270.809088,0.9481976862,0.8612716486
OSS/webfs-1.21/webfsd.bc,OK,7.537221954,7.556780402,90.206208,OK,7.398828264,7.468457939,78.610432,0.8714525723,1.011826064,OK,8.08510519,8.136331357,83.849216,0.9295282205,0.9375213717
OSS/wpa_supplicant-2.6/eapol_test.bc,OK,75.57003587,75.89215171,1444.548608,OK,76.620943,77.0922811,791.248896,0.5477481973,0.9844325609,OK,71.93933725,71.96820458,1441.964032,0.9982108072,0.5487299811
OSS/wpa_supplicant-2.6/wpa_supplicant.bc,OK,17.30067959,17.82811908,731.648,OK,18.02945048,18.22015654,710.4512,0.9710286914,0.9784833097,OK,17.16146145,17.52430983,734.396416,1.003756473,0.9673946993
OSS/xcftools-1.0.7/xcf2png.bc,OK,40.62128988,40.96816935,125.8496,OK,39.00207493,38.86806842,55.72608,0.4427990236,1.054031523,OK,39.23016763,39.29616543,124.678144,0.9906916192,0.4469594928
OSS/xcftools-1.0.7/xcf2pnm.bc,OK,40.43431437,40.48026487,123.682816,OK,38.778431,38.86020392,55.631872,0.4497946748,1.041689461,OK,39.2561233,39.28041023,122.601472,0.9912571201,0.4537618602
OSS/xdialog-2.3.1/Xdialog.bc,OK,49.81505445,49.86032871,974.286848,OK,47.48938827,47.53618737,879.067136,0.9022672715,1.048892044,OK,48.39566979,48.41664756,863.035392,0.8858124214,1.018575998
OSS/xfwm4-4.12.5/xfwm4.bc,OK,2225.947336,2226.028075,11541.44256,OK,2452.522045,2452.552088,9342.205952,0.8094487239,0.9076374305,OK,2268.617576,2268.712242,11134.50086,0.9647408291,0.8390323074
OSS/xkbsel-0.13/xkbseldb.bc,OK,8.32914114,8.348046736,106.94656,OK,7.804373929,7.82406295,32.899072,0.3076216009,1.066970804,OK,8.126190479,8.168273876,106.471424,0.9955572578,0.3089943833
OSS/xlockmore-5.56/xlock.bc,OK,565.8002801,566.1600836,980.865024,OK,504.4886982,505.024165,859.987968,0.8767648422,1.121055432,OK,511.5985951,512.0242616,973.418496,0.9924082031,0.883471982
OSS/xplot-0.90.7.1/xplot.bc,OK,82.87146705,82.9884422,701.97248,OK,81.27455645,81.32393526,257.855488,0.3673299101,1.020467614,OK,78.83547346,78.66445429,695.918592,0.9913758898,0.3705253617
OSS/xsane-0.999/xsane-gimp.bc,OK,493.9071267,493.9358346,10050.58458,OK,462.9525764,463.2202676,429.60896,0.04274467388,1.066308772,OK,537.1077725,537.0845429,9484.67712,0.9436940752,0.04529505376
OSS/xsane-0.999/xsane.bc,OK,499.732942,499.7643913,10118.06618,OK,467.1548982,467.5322953,429.50656,0.04244947132,1.068940897,OK,522.9207457,522.9761422,9536.741376,0.9425458587,0.04503703551
OSS/xscreensaver-5.42/apollonian.bc,OK,6.479346523,6.504227543,209.317888,OK,5.571214167,5.620177959,37.298176,0.1781891474,1.157299216,OK,6.102239895,6.224848648,201.109504,0.9607850811,0.1854620257
OSS/xscreensaver-5.42/bouboule.bc,OK,6.440162441,6.588373862,203.12064,OK,5.380619255,5.488418214,36.552704,0.1799556362,1.200413964,OK,6.305662349,6.420472316,197.05856,0.9701552732,0.1854915818
OSS/xscreensaver-5.42/braid.bc,OK,6.425150776,6.484175327,203.239424,OK,4.814652345,4.873140797,36.364288,0.1789233963,1.330594702,OK,6.124296877,6.176484493,196.23936,0.9655575485,0.1853057817
OSS/xscreensaver-5.42/crystal.bc,OK,6.661851945,6.712321825,211.447808,OK,5.758493157,5.819959407,39.165952,0.1852275149,1.153327945,OK,6.36261074,6.384533967,205.344768,0.9711368963,0.1907326511
OSS/xscreensaver-5.42/demon.bc,OK,6.60867862,6.664268268,209.760256,OK,5.59627889,5.680446181,39.022592,0.1860342505,1.173194509,OK,6.308816723,6.328378295,200.810496,0.9573333854,0.19432546
OSS/xscreensaver-5.42/discrete.bc,OK,6.311243856,6.384369373,203.206656,OK,5.537216052,5.560160129,35.926016,0.1767954687,1.148234803,OK,6.148927832,6.228626484,197.566464,0.9722440588,0.1818426836
OSS/xscreensaver-5.42/drift.bc,OK,6.345884519,6.48015137,206.913536,OK,5.704983493,5.756144315,36.814848,0.1779238261,1.125779865,OK,6.206954251,6.328680388,200.019968,0.9666838229,0.1840558639
OSS/xscreensaver-5.42/euler2d.bc,OK,6.524980957,6.57604481,206.442496,OK,5.595115923,5.680332233,37.957632,0.1838653995,1.157686653,OK,6.350186497,6.396412353,200.220672,0.9698617091,0.1895789861
OSS/xscreensaver-5.42/fadeplot.bc,OK,6.406319464,6.424013542,203.821056,OK,5.518295922,5.572412552,35.520512,0.1742730251,1.152824469,OK,6.186266471,6.20446203,196.022272,0.9617371034,0.1812065111
OSS/xscreensaver-5.42/fiberlamp.bc,OK,6.34398098,6.364116704,206.626816,OK,5.525169348,5.588098732,36.298752,0.1756729969,1.138869768,OK,6.349909304,6.404059253,196.571136,0.9513340998,0.1846596237
OSS/xscreensaver-5.42/flow.bc,OK,6.694648906,6.719990106,213.041152,OK,5.576489577,5.624385221,39.604224,0.1858994078,1.194795492,OK,6.681062159,6.756239037,205.27104,0.9635276475,0.1929362466
OSS/xscreensaver-5.42/galaxy.bc,OK,6.491024157,6.516168949,208.781312,OK,5.557615797,5.580106583,36.29056,0.1738209213,1.167749908,OK,6.463467173,6.520182972,199.29088,0.954543671,0.1820984483
OSS/xscreensaver-5.42/glsnake.bc,OK,5.183357443,5.204995974,51.277824,OK,5.631450356,5.70802708,42.5984,0.8307372793,0.9118730344,OK,5.625364084,5.692128723,51.068928,0.9959261922,0.8341353866
OSS/xscreensaver-5.42/grav.bc,OK,5.706121731,5.729018268,206.098432,OK,5.595854275,5.664296975,35.950592,0.1744340879,1.011426183,OK,6.233454686,6.356570553,198.668288,0.9639485661,0.1809578789
OSS/xscreensaver-5.42/hopalong.bc,OK,6.842669526,6.996176618,214.319104,OK,5.847485524,5.872024084,37.875712,0.1767257855,1.191442085,OK,6.714018317,6.788101353,206.647296,0.964203807,0.1832867535
OSS/xscreensaver-5.42/julia.bc,OK,6.49138838,6.548105512,203.964416,OK,5.520599984,5.540282655,35.831808,0.1756767612,1.181908202,OK,6.392708832,6.468443271,196.452352,0.9631697325,0.1823943956
OSS/xscreensaver-5.42/loop.bc,OK,6.472166357,6.492541998,210.038784,OK,5.751210795,5.848092821,39.088128,0.1860995729,1.110198179,OK,6.529431729,6.592360444,202.706944,0.965092923,0.1928307301
OSS/xscreensaver-5.42/mountain.bc,OK,6.353477441,6.420294339,204.607488,OK,5.466659251,5.776261176,35.508224,0.1735431305,1.111496545,OK,6.372260698,6.508378118,197.373952,0.964646768,0.1799032934
OSS/xscreensaver-5.42/pacman.bc,OK,7.118924653,7.220259559,223.166464,OK,5.874368027,5.960486733,46.03904,0.206299097,1.211354019,OK,7.135737392,7.156029211,217.075712,0.9727075839,0.2120874766
OSS/xscreensaver-5.42/penrose.bc,OK,6.506707041,6.596245647,207.478784,OK,5.524605285,5.576272822,38.006784,0.1831839539,1.182913006,OK,6.133952377,6.160861585,201.158656,0.9695384372,0.1889393415
OSS/xscreensaver-5.42/polyominoes.bc,OK,6.966633414,7.020388953,220.413952,OK,5.730988685,5.840434075,45.121536,0.2047127035,1.202032052,OK,6.695912312,6.71655165,214.646784,0.9738348324,0.2102129608
OSS/xscreensaver-5.42/sierpinski.bc,OK,6.487664711,6.548330739,204.378112,OK,5.57886862,5.628219443,35.67616,0.1745595928,1.163481773,OK,6.362609035,6.384318756,195.899392,0.95851454,0.1821147051
OSS/xscreensaver-5.42/slip.bc,OK,6.52136543,6.592041883,209.16224,OK,5.392188971,5.440543631,37.269504,0.1781846666,1.211651322,OK,6.281671402,6.300574209,200.196096,0.9571330657,0.186164989
OSS/xscreensaver-5.42/strange.bc,OK,6.965301969,7.012165306,222.363648,OK,6.122271621,6.176008774,42.889216,0.1928787209,1.135387847,OK,6.983395044,7.008268081,215.977984,0.9712827881,0.1985814258
OSS/xscreensaver-5.42/swirl.bc,OK,6.789329625,6.81597501,217.677824,OK,5.781391542,5.844160507,40.423424,0.1857029956,1.166288127,OK,6.765993216,6.824055005,209.936384,0.9644362487,0.1925508253
OSS/xscreensaver-5.42/thornbird.bc,OK,6.378064251,6.480130598,204.10368,OK,5.392110582,5.412651261,35.405824,0.1734697973,1.197219308,OK,6.277225616,6.296017941,196.419584,0.9623519968,0.1802560787
OSS/xscreensaver-5.42/triangle.bc,OK,6.335923253,6.388268958,204.189696,OK,5.516943017,5.548134681,35.92192,0.1759242543,1.151426439,OK,6.192135935,6.244371771,197.738496,0.9684058494,0.1816637667
OSS/xscreensaver-5.42/xscreensaver-demo.bc,OK,6.442153668,6.500403293,229.220352,OK,5.504080001,5.599929039,82.358272,0.3592973804,1.160801012,OK,6.566486277,6.616212734,215.384064,0.9396376112,0.3823786703
OSS/xsecurelock-1.3/auth_x11.bc,OK,8.255159253,8.376120782,184.266752,OK,7.725510183,7.780418584,152.10496,0.8254606886,1.076564287,OK,8.369950522,8.388016931,179.699712,0.9752150621,0.8464396426
OSS/xsel-1.2.0.20160929/xsel.bc,OK,10.62245804,10.67610587,343.379968,OK,9.781210616,9.832099986,54.124544,0.1576228931,1.085841874,OK,10.78406898,10.80413461,346.128384,1.008004008,0.156371296
OSS/ziproxy-3.3.1/ziproxy.bc,OK,47.38629126,47.58022878,1466.556416,OK,43.70149657,43.82405028,121.46688,0.08282455327,1.085710437,OK,44.99810379,45.02470073,1436.38528,0.9794272244,0.08456427512
OSS/zsync-0.6.2/zsync.bc,OK,130.0307724,130.0925057,176.80384,OK,130.7783684,130.8243831,97.107968,0.5492412834,0.9944056502,OK,133.8587169,133.8800444,175.005696,0.9898297232,0.5548846136
OSS/zsync-0.6.2/zsyncmake.bc,OK,9.614727228,9.633020586,94.031872,OK,10.4613076,10.51207497,60.321792,0.6415036808,0.9163767016,OK,10.97635683,11.02006891,93.843456,0.9979962539,0.6427916721