benchmark,status-ikos,cputime (s)-ikos,walltime (s)-ikos,memory (MB)-ikos,status-mikos,cputime (s)-mikos,walltime (s)-mikos,memory (MB)-mikos,memreduction,speedup
OSS/vice-3.3/cartconv.bc,OK,4.995245747,5.020382259,143.29446399999998,OK,4.552218869,4.616437497,31.084544,0.2169277384,1.087501404
OSS/namazu-2.0.21/namazu.cgi.bc,OK,5.111677118999999,5.152177203,97.09568,OK,4.783470591,4.84037093,29.929471999999997,0.3082472052,1.064417847
OSS/xscreensaver-5.42/glsnake.bc,OK,5.183357443,5.204995974,51.277824,OK,5.631450356,5.70802708,42.5984,0.8307372793000001,0.9118730344
OSS/iverilog-10.2/iverilog.bc,OK,5.2075442160000005,5.228315142,45.1584,OK,4.853417553,4.880307581,37.51936,0.8308390023000001,1.07130853
OSS/postfix-3.4.5/postconf.bc,OK,5.227032219,5.28800597,133.595136,OK,4.409591725,4.544595942,69.607424,0.521032622,1.163581105
OSS/brltty-6.0/brltty-lsinc.bc,OK,5.328857553,5.348041382,118.091776,OK,4.749734431,4.768421109,78.241792,0.6625507265999999,1.1215539190000001
OSS/nanomsg-1.1.5/nanocat.bc,OK,5.317800796,5.364129435,77.479936,OK,5.24645259,5.272133047,53.780480000000004,0.6941213787,1.017449557
OSS/ponyc-0.28.0/ponyc.bc,OK,5.3089256769999995,5.472386361,246.525952,OK,4.889451278,5.064361293999999,243.22867200000002,0.9866250187000001,1.080567922
OSS/coreutils-8.31/tr.bc,OK,5.407963658,5.528186012999999,119.599104,OK,4.988788049,5.012056697,36.67968,0.3066885852,1.102977549
OSS/mmsrip-0.7.0/mmsrip.bc,OK,5.485593048999999,5.529341755,162.361344,OK,6.0901667260000005,6.116335007000001,122.953728,0.7572844925,0.904028597
OSS/lightdm-1.28.0/lightdm.bc,OK,5.52785636,5.5484136,248.90163199999998,OK,4.583684521,4.708159015,95.74809599999999,0.3846824757,1.178467758
OSS/iverilog-10.2/ivlpp.bc,OK,5.5479585160000005,5.568135172000001,112.55398400000001,OK,5.3208166630000004,5.424111969,83.21024,0.7392918228,1.026552402
OSS/fstrm-0.5.0/fstrm_capture.bc,OK,5.69415981,5.716151786,121.71264,OK,5.2006792410000005,5.26019653,42.717184,0.3509675248,1.08668027
OSS/xscreensaver-5.42/grav.bc,OK,5.7061217310000005,5.729018268,206.098432,OK,5.595854275,5.664296975,35.950592,0.17443408789999998,1.011426183
OSS/nauty-26r11/genrang.bc,OK,5.617428264,5.744323286,95.358976,OK,5.195911524,5.292159263,81.358848,0.8531850006,1.085440366
OSS/udftools-2.1/udfinfo.bc,OK,5.799669442000001,5.820261584,150.18393600000002,OK,5.153582128,5.176109437,34.660352,0.2307860143,1.124447165
OSS/julius-4.5/julius.bc,OK,5.143555688999999,5.832629869,254.738432,OK,4.929485918,5.080394763,231.5264,0.9088789555,1.148066271
OSS/gpa-0.10.0/gpa.bc,OK,5.953255995,5.98007393,260.726784,OK,5.2256315,5.388047545,184.311808,0.706915512,1.109877721
OSS/coreutils-8.31/tee.bc,OK,6.01556047,6.0440511710000004,66.916352,OK,5.391828892,5.41282761,40.93952,0.6118014323,1.116616232
OSS/openvswitch-2.11.0/vtep-ctl.bc,OK,5.615022165,6.164552061,214.87206400000002,OK,5.858606075,5.876022376,178.507776,0.8307630720999999,1.049102891
OSS/the_silver_searcher-2.2.0/ag.bc,OK,6.258124786000001,6.315799152,155.844608,OK,5.45409423,5.476620126,79.253504,0.5085418419,1.153229365
OSS/xscreensaver-5.42/fiberlamp.bc,OK,6.34398098,6.364116704,206.626816,OK,5.5251693479999995,5.588098732000001,36.298752,0.17567299690000002,1.138869768
OSS/xscreensaver-5.42/discrete.bc,OK,6.311243856,6.384369372999999,203.206656,OK,5.537216052000001,5.560160129,35.926016,0.1767954687,1.148234803
OSS/xscreensaver-5.42/triangle.bc,OK,6.335923253,6.388268957999999,204.189696,OK,5.516943017000001,5.5481346810000005,35.92192,0.1759242543,1.151426439
OSS/xscreensaver-5.42/mountain.bc,OK,6.353477441,6.420294339,204.607488,OK,5.466659251,5.776261176,35.508224,0.1735431305,1.111496545
OSS/xscreensaver-5.42/fadeplot.bc,OK,6.406319464,6.424013542000001,203.821056,OK,5.518295922,5.572412552,35.520512,0.1742730251,1.152824469
OSS/sweep-0.9.3/sweep.bc,OK,6.166483198,6.468048893,244.740096,OK,5.810589901,5.920361357000001,225.14073599999998,0.9199176582999999,1.09250914
OSS/xscreensaver-5.42/thornbird.bc,OK,6.3780642510000005,6.480130598,204.10368,OK,5.392110582000001,5.412651261000001,35.405823999999996,0.1734697973,1.197219308
OSS/xscreensaver-5.42/drift.bc,OK,6.345884519,6.48015137,206.91353600000002,OK,5.704983492999999,5.756144315,36.814848,0.1779238261,1.125779865
OSS/xscreensaver-5.42/braid.bc,OK,6.425150776000001,6.484175327000001,203.23942399999999,OK,4.814652345,4.873140797,36.364288,0.17892339629999998,1.330594702
OSS/xscreensaver-5.42/loop.bc,OK,6.472166357000001,6.492541997999999,210.038784,OK,5.751210795,5.848092821,39.088128000000005,0.18609957289999998,1.110198179
OSS/dialog-1.3_20190211/dialog.bc,OK,6.40601226,6.499730594,133.92691200000002,OK,6.412504865,6.5043849520000006,82.68185600000001,0.6173655075,0.9992844276999999
OSS/xscreensaver-5.42/xscreensaver-demo.bc,OK,6.4421536679999996,6.500403293,229.220352,OK,5.504080001,5.599929039,82.358272,0.3592973804,1.160801012
OSS/xscreensaver-5.42/apollonian.bc,OK,6.479346522999999,6.504227543,209.31788799999998,OK,5.571214167000001,5.620177958999999,37.298176,0.17818914739999997,1.157299216
OSS/xscreensaver-5.42/galaxy.bc,OK,6.491024157000001,6.516168949,208.781312,OK,5.557615797,5.580106582999999,36.29056,0.1738209213,1.167749908
OSS/fvwm-2.6.8/fvwm-root.bc,OK,6.518625328,6.536868555,161.480704,OK,6.838442486,6.871933455,64.04096,0.396585836,0.9512415389
OSS/xscreensaver-5.42/julia.bc,OK,6.49138838,6.548105512,203.964416,OK,5.5205999839999995,5.540282655,35.831808,0.1756767612,1.181908202
OSS/xscreensaver-5.42/sierpinski.bc,OK,6.487664711,6.548330739,204.37811200000002,OK,5.57886862,5.628219443,35.676159999999996,0.17455959280000002,1.163481773
OSS/coreutils-8.31/realpath.bc,OK,6.547952802,6.572045782999999,121.33171200000001,OK,6.140832242999999,6.195937565,44.408832000000004,0.36601174799999997,1.06070239
OSS/xscreensaver-5.42/euler2d.bc,OK,6.524980957,6.57604481,206.442496,OK,5.595115923,5.680332233,37.957632000000004,0.1838653995,1.157686653
OSS/xscreensaver-5.42/bouboule.bc,OK,6.440162441,6.588373862,203.12063999999998,OK,5.380619255,5.488418214,36.552704,0.17995563620000002,1.200413964
OSS/xscreensaver-5.42/slip.bc,OK,6.52136543,6.592041882999999,209.16224,OK,5.392188971,5.440543631000001,37.269504,0.1781846666,1.211651322
OSS/xscreensaver-5.42/penrose.bc,OK,6.506707041,6.596245647000001,207.47878400000002,OK,5.524605285,5.576272822000001,38.006784,0.1831839539,1.182913006
OSS/xscreensaver-5.42/demon.bc,OK,6.60867862,6.664268268,209.760256,OK,5.59627889,5.680446181000001,39.022591999999996,0.1860342505,1.173194509
OSS/xscreensaver-5.42/crystal.bc,OK,6.661851945,6.712321825,211.447808,OK,5.758493157,5.819959407000001,39.165952000000004,0.18522751489999997,1.153327945
OSS/xscreensaver-5.42/flow.bc,OK,6.694648906,6.719990106,213.041152,OK,5.576489577,5.624385221,39.604224,0.1858994078,1.1947954920000001
OSS/coreutils-8.31/fmt.bc,OK,6.723956113,6.744143543,92.082176,OK,6.3293263479999995,6.380110081000001,55.664640000000006,0.6045104754999999,1.057057552
OSS/udns-0.4/dnsget.bc,OK,6.69515088,6.748443101,100.343808,OK,6.366972337999999,6.388290779,48.480256,0.48314148090000003,1.0563769459999999
OSS/coreutils-8.31/mktemp.bc,OK,6.729965276000001,6.796072551,118.10816000000001,OK,6.232638972,6.287994772999999,25.817088000000002,0.2185885209,1.0808012409999999
OSS/xscreensaver-5.42/swirl.bc,OK,6.789329625,6.81597501,217.67782400000002,OK,5.781391542000001,5.844160507000001,40.423424,0.18570299559999998,1.166288127
OSS/coreutils-8.31/pwd.bc,OK,6.793726257,6.815976561,87.609344,OK,6.388183484,6.408084754,59.469823999999996,0.6788068633,1.063652686
OSS/brltty-6.0/brltty-trtxt.bc,OK,6.951661587,6.972052542999999,281.93177599999996,OK,6.426801154,6.512118007000001,58.929152,0.2090191919,1.070627488
OSS/xscreensaver-5.42/hopalong.bc,OK,6.842669526,6.996176618,214.319104,OK,5.847485524,5.8720240839999995,37.875712,0.1767257855,1.191442085
OSS/xscreensaver-5.42/strange.bc,OK,6.9653019689999995,7.012165306,222.363648,OK,6.122271621,6.176008774,42.889216,0.1928787209,1.135387847
OSS/xscreensaver-5.42/polyominoes.bc,OK,6.9666334139999995,7.020388952999999,220.413952,OK,5.730988685,5.840434075,45.121536,0.2047127035,1.202032052
OSS/cellwriter-1.3.6/cellwriter.bc,OK,6.954846882999999,7.028126262000001,169.873408,OK,5.738618774,5.81212818,83.697664,0.4927060979,1.209217355
OSS/udftools-2.1/cdrwtool.bc,OK,6.93208047,7.148437607999999,251.74016,OK,5.704504319,5.763998095,42.397696,0.1684184836,1.240187365
OSS/krb5/kdb5_ldap_util.bc,OK,7.146332502999999,7.164110631000001,113.659904,OK,6.829394613,6.904382148,41.992191999999996,0.3694547551,1.037617918
OSS/udftools-2.1/udflabel.bc,OK,7.227437807,7.192064339,178.57740800000002,OK,6.319450054,6.340112485,38.694912,0.2166842516,1.13437488
OSS/imwheel-1.0.0pre12/imwheel.bc,OK,7.185379418999999,7.204144006,103.559168,OK,6.406098332999999,6.420458705,84.6848,0.8177431476000001,1.12206064
OSS/xscreensaver-5.42/pacman.bc,OK,7.118924653,7.220259559,223.16646400000002,OK,5.874368027,5.960486733,46.03904,0.206299097,1.211354019
OSS/dnstracer-1.9/dnstracer.bc,OK,7.216365149,7.264050762999999,113.05779199999999,OK,6.957622818,6.97640372,96.305152,0.8518223317,1.041231422
OSS/bogofilter-1.2.4/bogoutil.bc,OK,7.2883991560000005,7.30806805,170.438656,OK,6.769637661,6.796174578,57.217024,0.33570450119999995,1.075320824
OSS/shairplay-20180824.096b61a/shairplay.bc,OK,7.29589901,7.320319124,66.469888,OK,7.223576386,7.240454268,64.577536,0.9715306877,1.011030365
OSS/coreutils-8.31/dircolors.bc,OK,7.301615265,7.320493759,107.17183999999999,OK,6.964193627,7.015881235,56.598528,0.5281100707,1.043417571
OSS/vorbisgain-0.37/vorbisgain.bc,OK,7.424963695,7.480027907,97.869824,OK,7.215486528,7.236284488,68.64076800000001,0.7013476186,1.033683504
OSS/wavemon-0.9.0/wavemon.bc,OK,7.489521773,7.5083600729999995,125.517824,OK,6.789141654,6.8483952839999995,91.267072,0.7271243962999999,1.0963678
OSS/webfs-1.21/webfsd.bc,OK,7.537221954,7.556780402,90.20620799999999,OK,7.398828264,7.468457938999999,78.61043199999999,0.8714525723000001,1.011826064
OSS/cronie-1.5.4/crontab.bc,OK,7.549490645,7.572100725,109.1584,OK,6.807118245,6.852204907999999,56.332288,0.5160600375,1.105060463
OSS/namazu-2.0.21/namazu.bc,OK,7.608329609,7.6279952479999995,142.688256,OK,7.3144033760000005,7.3560383179999995,35.270656,0.2471868182,1.03697057
OSS/dvdauthor-0.7.2/spuunmux.bc,OK,7.591835218,7.636269955,64.282624,OK,7.0347359570000005,7.088206232,44.781568,0.6966356569,1.07732051
OSS/pcb-4.1.3/pcb.bc,OK,7.529708424,7.773169801,421.863424,OK,8.552994953999999,8.672398891,406.19622400000003,0.9628619143000001,0.8963113781000001
OSS/usb_modeswitch-2.5.2/usb_modeswitch.bc,OK,7.838604836,7.856010692999999,135.135232,OK,6.764619455,6.7046925,115.965952,0.8581474297,1.171718269
OSS/ipmitool-1.8.18/ipmievd.bc,OK,8.003175804,8.024258145,336.433152,OK,7.0902729220000005,7.244381739,201.05216000000001,0.5975991332,1.107652583
OSS/hostapd-2.7/hostapd_cli.bc,OK,8.068996577,8.088680122000001,291.905536,OK,8.168308632999999,8.244545479,42.471424,0.1454971515,0.9810947301999999
OSS/bogofilter-1.2.4/bogofilter.bc,OK,8.077039134,8.096060727000001,177.2544,OK,8.00979566,8.088055257,78.33190400000001,0.4419179665,1.0009897890000001
OSS/dwdiff-2.1.2/dwdiff.bc,OK,8.224368896,8.240125774,100.225024,OK,7.287637393,7.3479717639999995,57.786368,0.5765662675,1.121415002
OSS/wavpack-5.1.0/wvunpack.bc,OK,8.277567321,8.304000563999999,137.682944,OK,7.271728056000001,7.336452914,119.00518400000001,0.8643422384,1.131882214
OSS/coreutils-8.31/shuf.bc,OK,8.321413612999999,8.320032361,163.893248,OK,6.536040245,6.740951315,47.112192,0.2874565766,1.234251958
OSS/xkbsel-0.13/xkbseldb.bc,OK,8.32914114,8.348046736,106.94656,OK,7.804373929,7.82406295,32.899072,0.3076216009,1.066970804
OSS/xsecurelock-1.3/auth_x11.bc,OK,8.255159252999999,8.376120782000001,184.266752,OK,7.725510183,7.7804185839999995,152.10496,0.8254606886,1.076564287
OSS/distcc-3.3.2/distccd.bc,OK,8.420340647,8.448187307000001,186.937344,OK,7.272544465,7.316659847,81.444864,0.4356800105,1.154650822
OSS/audit-2.8.4/auditd.bc,OK,8.488117009,8.563926579,263.831552,OK,7.562278983,7.623954867999999,66.1504,0.2507296777,1.123291878
OSS/nasm-2.14.02/ndisasm.bc,OK,8.635301128,8.656126459,133.66886399999999,OK,7.554904117,7.604337964,112.594944,0.8423423423,1.138314275
OSS/jfsutils-1.1.15/jfs_debugfs.bc,OK,8.762250891,8.808401735,147.386368,OK,8.825864427,8.879970177,139.6736,0.9476697329000001,0.9919404637
OSS/coreutils-8.31/uniq.bc,OK,8.92901113,8.949005537,125.10003200000001,OK,9.701249967,9.720207255,81.01888000000001,0.647632768,0.9206599512
OSS/brltty-6.0/brltty-ktb.bc,OK,9.069289072,9.168093478,376.057856,OK,8.087775354,8.196020862000001,122.35571200000001,0.3253640631,1.118602994
OSS/coreutils-8.31/printf.bc,OK,9.175802777000001,9.195981173,86.20031999999999,OK,8.262218519,8.320330347999999,64.086016,0.7434545023,1.105242315
OSS/gifsicle-1.91/gifdiff.bc,OK,8.980630813,9.220041213,167.44448,OK,8.002722009,8.052800261,102.15424,0.6100782779,1.1449484540000001
OSS/coreutils-8.31/b2sum.bc,OK,9.151395684,9.240128737000001,287.555584,OK,8.321002049,8.340261982000001,265.007104,0.9215856645999999,1.107894303
OSS/lxsession-0.5.4/lxsession-db.bc,OK,9.263980612000001,9.284134626,106.876928,OK,9.596809174,9.61595036,59.805696,0.559575365,0.9654931940000001
OSS/bitlbee-3.6/bitlbee.bc,OK,9.209650303,9.308234725,250.368,OK,8.427779122999999,8.452427801,232.73472,0.9295705521,1.101249835
OSS/lvm2-2.02.184/dmsetup.bc,OK,9.313360925,9.332488512000001,264.605696,OK,9.425360435,9.444450097999999,230.961152,0.8728502655,0.9881452509
OSS/dvdauthor-0.7.2/mpeg2desc.bc,OK,9.282351163,9.351999823,78.848,OK,7.897122252000001,7.9243708779999995,67.432448,0.8552207792000001,1.180156755
OSS/genius-1.0.24/gnome-genius.bc,OK,9.023773085,9.464387468,401.334272,OK,9.079036275,9.256261369,385.691648,0.9610234532999999,1.0224848990000002
OSS/gftp-2.0.19/gftp-text.bc,OK,9.695515989,9.54511966,330.83801600000004,OK,10.036390800000001,10.05622716,218.734592,0.6611531366,0.9491750242
OSS/iproute2-5.0.0/ifstat.bc,OK,9.540778956,9.560503295,98.08281600000001,OK,8.975974321,8.984111565,41.279488,0.4208636098,1.064156787
OSS/zsync-0.6.2/zsyncmake.bc,OK,9.614727228,9.633020586,94.03187199999999,OK,10.4613076,10.51207497,60.321792,0.6415036808,0.9163767016
OSS/nemo-4.0.6/nemo-desktop.bc,OK,9.427651725,9.655974794,430.813184,OK,9.054072749,9.280449481,429.395968,0.9967103699,1.04046413
OSS/ostree-2019.1/ostree.bc,OK,9.602122847999999,9.683936082999999,450.547712,OK,7.200425891,7.3601267329999995,88.18688,0.1957326109,1.315729529
OSS/coreutils-8.31/truncate.bc,OK,9.602596275,9.696056523,161.62406399999998,OK,8.454798795,8.51629807,64.372736,0.3982868294,1.138529493
OSS/cuetools-1.4.1/cueconvert.bc,OK,9.715662452,9.792345117,63.557632,OK,8.529226328,8.552313179,34.148352,0.537281691,1.1449937479999999
OSS/stubby-0.2.6/stubby.bc,OK,9.777039801,9.836248571,136.03225600000002,OK,8.929299871,8.948561361,66.41664,0.4882418476,1.099198874
OSS/nemo-4.0.6/nemo.bc,OK,9.695838673999999,9.952209997,434.868224,OK,9.454273776,9.912428205,433.655808,0.9972119922,1.004013325
OSS/adns-1.5.1/adnshost.bc,OK,10.02969362,10.0800745,96.88678399999999,OK,9.751855744,9.79998988,53.018623999999996,0.5472224571000001,1.028580093
OSS/osmo-0.4.2/osmo.bc,OK,10.06445418,10.25625247,381.616128,OK,8.755475609,8.976307185,158.920704,0.41644126740000004,1.14259152
OSS/tilda-1.4.1/tilda.bc,OK,10.27791492,10.300313000000001,115.277824,OK,10.01042506,10.03605698,51.789823999999996,0.44926094369999997,1.0263306620000001
OSS/i7z-0.27.2.git1/i7z.bc,OK,10.59343344,10.61207678,157.589504,OK,9.749696616,9.848211047000001,65.20832,0.41378593340000003,1.077563908
OSS/xsel-1.2.0.20160929/xsel.bc,OK,10.62245804,10.67610587,343.379968,OK,9.781210616000001,9.832099986000001,54.12454399999999,0.1576228931,1.085841874
OSS/coreutils-8.31/wc.bc,OK,11.09794677,11.12419281,192.421888,OK,9.884718686,9.936312547,91.01312,0.4729873558,1.119549406
OSS/cuetools-1.4.1/cuebreakpoints.bc,OK,11.25937522,11.28017784,50.266112,OK,10.19862215,10.29627283,34.6112,0.688559322,1.095559337
OSS/icoutils-0.32.3/wrestool.bc,OK,11.41871119,11.46018993,188.596224,OK,11.37316392,11.40002404,172.834816,0.9164277647,1.005277699
OSS/ncftp-3.2.6/ncftpbookmarks.bc,OK,11.50856273,11.54063953,305.87289599999997,OK,11.44411801,11.52817181,234.26662400000004,0.7658953345,1.001081501
OSS/gftp-2.0.19/gftp-gtk.bc,OK,11.65583401,11.60532664,453.27564800000005,OK,11.02216006,11.09629263,118.31296,0.2610176843,1.045874242
OSS/nauty-26r11/vcolg.bc,OK,11.54750841,11.65631443,85.741568,OK,11.03939433,11.07232078,76.845056,0.8962403859999999,1.052743564
OSS/cuetools-1.4.1/cueprint.bc,OK,11.81077177,11.84016628,51.601408,OK,10.09171664,10.112419099999999,35.311616,0.6843149706,1.170853993
OSS/tcpdump-4.9.2/tcpdump.bc,OK,11.74496712,11.89220714,449.425408,OK,11.26449047,11.51627481,404.000768,0.8989272987000001,1.032643571
OSS/fvwm-2.6.8/FvwmBanner.bc,OK,11.89194491,11.964312300000001,110.89100800000001,OK,11.79002901,11.8640826,71.933952,0.6486905773,1.008448162
OSS/unrtf-0.21.10/unrtf.bc,OK,11.95537824,12.00005339,192.32768000000002,OK,11.273655999999999,11.33210967,91.840512,0.47752103079999997,1.058942575
OSS/collectd-5.8.1/collectd.bc,OK,12.1065968,12.12436265,167.51001599999998,OK,13.12311767,13.199902900000001,85.999616,0.5133998435,0.9185190786
OSS/dictd-1.12.1/dict.bc,OK,12.66782071,12.68856677,110.473216,OK,12.95226629,13.00817853,52.310016,0.4735085833,0.9754299373
OSS/i3status-2.12/i3status.bc,OK,12.72939182,12.75635254,94.265344,OK,11.87040072,11.9243364,76.976128,0.8165899018,1.069774629
OSS/lldpd-1.0.3/lldpcli.bc,OK,12.8890759,12.93721656,657.4653440000001,OK,11.35278163,11.38007257,68.718592,0.10452047800000001,1.136830761
OSS/ipmitool-1.8.18/ipmitool.bc,OK,13.15727321,13.18014854,505.40544000000006,OK,11.95203076,12.06435092,362.65984,0.7175622012,1.092487166
OSS/igmpproxy-0.2.1/igmpproxy.bc,OK,13.09944632,13.22385687,155.03769599999998,OK,11.67077661,11.70061337,104.235008,0.6723204143000001,1.130184927
OSS/nauty-26r11/twohamg.bc,OK,13.35581306,13.37650018,119.98003200000001,OK,13.66259628,13.70019957,109.105152,0.9093609176999999,0.9763726513
OSS/netdata-1.13.0/cgroup-network.bc,OK,13.49029068,13.512070699999999,639.606784,OK,10.86578462,10.94424641,100.069376,0.1564545257,1.234627784
OSS/coreutils-8.31/touch.bc,OK,13.52090404,13.6120709,248.91392000000002,OK,12.23552071,12.33238985,62.205952,0.2499094948,1.1037658609999998
OSS/nauty-26r11/delptg.bc,OK,14.04859999,14.06810848,94.9248,OK,13.22888892,13.30875487,85.581824,0.901574973,1.057056698
OSS/vnstat-2.1/vnstati.bc,OK,14.16707288,14.21613605,481.65273600000006,OK,11.28930826,11.30803579,61.62432,0.1279434651,1.257171123
OSS/fwknop-2.6.10/fwknop.bc,OK,14.31476747,14.40115031,475.639808,OK,15.53538245,15.62414321,62.251008,0.1308784651,0.9217241619
OSS/vice-3.3/petcat.bc,OK,14.449593700000001,14.508146100000001,152.264704,OK,12.41345134,12.4321724,75.98489599999999,0.49903158119999996,1.166983986
OSS/gif2png-2.5.13/gif2png.bc,OK,14.53973548,14.62025258,103.018496,OK,13.22348884,13.26795672,41.816064000000004,0.40590831380000003,1.101921938
OSS/mfoc-0.10.7+38+gb333a79/mfoc.bc,OK,14.74012033,14.76064269,46.518271999999996,OK,14.47882027,14.52009736,34.680832,0.7455313903,1.016566372
OSS/coreutils-8.31/unexpand.bc,OK,14.82442984,14.88504407,86.75328,OK,16.74694626,16.76830817,50.184191999999996,0.578470255,0.8876890808
OSS/coreutils-8.31/shred.bc,OK,15.01173788,14.89215552,138.30553600000002,OK,13.66001514,13.70832172,68.993024,0.49884499200000004,1.08635877
OSS/visitors-0.7/visitors.bc,OK,15.30988882,15.37194709,301.973504,OK,15.04511097,15.06799768,175.484928,0.5811269058,1.020171852
OSS/nasm-2.14.02/ldrdf.bc,OK,15.42834307,15.48409148,146.54259199999998,OK,13.47411762,13.51607418,57.643007999999995,0.3933532717,1.14560569
OSS/ethtool-5.0/ethtool.bc,OK,15.46282546,15.592488099999999,528.3061759999999,OK,13.00045809,13.02406091,178.745344,0.33833665420000003,1.197206325
OSS/coreutils-8.31/df.bc,OK,15.98923033,16.01222462,242.72896,OK,15.29677405,15.35252724,107.384832,0.4424063449,1.042969953
OSS/coreutils-8.31/date.bc,OK,15.93945056,16.02447095,273.227776,OK,14.52810298,14.68806733,91.123712,0.3335082301,1.090985668
OSS/mutt-1.11.4/mutt_pgpring.bc,OK,16.02150593,16.05214259,48.197632,OK,15.18088513,15.20811256,40.378368,0.8377666355,1.0554986709999998
OSS/lvm2-2.02.184/lvm.bc,OK,15.696655100000001,16.12411033,592.0768,OK,16.1717524,16.25987776,534.790144,0.9032445521,0.9916501568000001
OSS/uucp-1.07/uupick.bc,OK,16.65996033,16.68014757,414.056448,OK,15.1464386,15.16873056,274.235392,0.6623140234,1.09964031
OSS/musepack-0.1+r475/mpc2sv8.bc,OK,16.93630365,17.03623832,58.683392000000005,OK,16.91087042,16.98800353,51.904512,0.8844838417,1.002839344
OSS/gnupg-2.2.15/gpg-preset-passphrase.bc,OK,17.20548441,17.30809369,284.880896,OK,17.04186797,17.15602062,175.771648,0.6170004745000001,1.008864123
OSS/coreutils-8.31/chmod.bc,OK,17.39780862,17.42008725,303.648768,OK,16.63527431,16.68837648,253.865984,0.8360514211,1.043845533
OSS/unbound-1.9.1/unbound-control.bc,OK,17.34330862,17.54001871,525.258752,OK,15.19080153,15.32003949,347.389952,0.6613691836,1.144906887
OSS/wpa_supplicant-2.6/wpa_supplicant.bc,OK,17.30067959,17.82811908,731.648,OK,18.02945048,18.22015654,710.4512,0.9710286914,0.9784833097
OSS/coreutils-8.31/chgrp.bc,OK,17.79571019,17.840169,308.973568,OK,16.86576174,16.92038146,260.11238399999996,0.8418596635,1.05435974
OSS/engrampa-1.22.0/engrampa-server.bc,OK,17.75439251,17.93626503,118.120448,OK,17.18999628,17.24446174,117.84192,0.9976420001,1.040117419
OSS/gnupg-2.2.15/dirmngr_ldap.bc,OK,17.97583597,17.95206056,262.807552,OK,16.78437667,16.72005264,165.310464,0.6290171753,1.073684452
OSS/mpop-1.4.3/mpop.bc,OK,18.12660708,18.15221264,462.17625599999997,OK,18.03170132,18.04805674,298.96704,0.6468680207999999,1.0057710309999999
OSS/gnupg-2.2.15/gpg-check-pattern.bc,OK,18.18095901,18.20398572,267.542528,OK,17.25601417,17.28401129,197.308416,0.7374843075,1.053226905
OSS/engrampa-1.22.0/engrampa.bc,OK,17.948694399999997,18.22035508,121.68806399999998,OK,17.80687089,17.88407252,119.934976,0.9855935912,1.018803466
OSS/coreutils-8.31/chcon.bc,OK,18.22888894,18.24821354,311.72607999999997,OK,17.4377949,17.40028275,264.92928,0.8498784573999999,1.048730862
OSS/gnupg-2.2.15/gpgscm.bc,OK,18.26600472,18.28397887,262.991872,OK,17.6800252,17.70017821,224.366592,0.8531312784999999,1.032982756
OSS/unhide-20130526/unhide-linux.bc,OK,18.58140852,18.5959723,181.86649599999998,OK,15.91631314,16.09210682,162.22208,0.8919844148,1.155595877
OSS/wavpack-5.1.0/wavpack.bc,OK,19.12594761,19.19217019,207.458304,OK,18.84796259,18.89992819,168.148992,0.8105194574,1.015462598
OSS/nettle-3.4.1/sexp-conv.bc,OK,19.21466517,19.24001926,469.671936,OK,18.12931782,18.24023907,193.6384,0.4122843737,1.054811792
OSS/coreutils-8.31/chown.bc,OK,19.31187752,19.32807173,345.37881600000003,OK,18.14330167,18.21586857,262.701056,0.7606171654,1.061056828
OSS/pixiewps-1.4.2/pixiewps.bc,OK,19.38119787,19.40857074,382.53772799999996,OK,19.486874800000002,19.78812201,64.782336,0.16934888050000002,0.9808192376
OSS/gnupg-2.2.15/dirmngr-client.bc,OK,19.73306586,19.67998999,417.75104,OK,17.93309834,18.01608235,166.760448,0.3991861947,1.092356796
OSS/fvwm-2.6.8/FvwmBacker.bc,OK,19.64813,19.76407147,380.821504,OK,17.93970061,17.98425615,319.22176,0.8382451008,1.098965189
OSS/dropbear-2019.78/dropbearconvert.bc,OK,19.75669239,19.7794707,323.751936,OK,18.96593112,19.03614331,67.072,0.2071709619,1.0390482140000001
OSS/enscript-1.6.6/mkafmmap.bc,OK,20.15138018,20.20015705,140.10368,OK,18.61886983,18.64812607,115.666944,0.8255810554,1.0832271820000001
OSS/logrotate-3.15.0/logrotate.bc,OK,20.17640228,20.22099525,277.51219199999997,OK,22.63191934,22.66811338,144.531456,0.5208111938000001,0.8920457961
OSS/hwinfo-21.60/check_hd.bc,OK,20.38221692,20.42825374,202.805248,OK,19.611204,19.75230754,69.85728,0.3444549916,1.034221126
OSS/ecl-16.1.3/ecl_min.bc,OK,20.39419298,20.53196194,435.417088,OK,20.44933436,20.49614197,405.028864,0.9302089311,1.0017476440000002
OSS/darkhttpd-1.12/darkhttpd.bc,OK,20.58231435,20.6120768,457.322496,OK,18.59136297,18.61644687,434.393088,0.9498616223999999,1.1071971440000001
OSS/pcre2-10.32/pcre2grep.bc,OK,20.49172776,20.68799636,102.653952,OK,19.40054708,19.42018255,53.42003199999999,0.5203894342000001,1.065283311
OSS/gnupg-2.2.15/gpgtar.bc,OK,20.95931544,20.97990572,549.167104,OK,18.65688518,18.68059782,208.26112,0.3792308725,1.1230853490000001
OSS/cronie-1.5.4/cronnext.bc,OK,21.07579543,21.18401508,182.72665600000002,OK,20.2170109,20.26412757,59.056128,0.3231938311,1.045394874
OSS/nauty-26r11/cubhamg.bc,OK,21.53243511,21.56017628,93.425664,OK,20.82146241,20.91627967,86.802432,0.9291069315,1.030784471
OSS/unifdef-2.11/unifdef.bc,OK,22.0919854,22.11594663,237.91206400000002,OK,20.59116553,20.672079500000002,101.347328,0.42598650229999996,1.069846245
OSS/fbida-2.14/exiftran.bc,OK,22.14821758,22.21610975,45.432832,OK,22.23466354,22.25603211,33.665024,0.7409844932999999,0.9982062229
OSS/msmtp-1.8.3/msmtp.bc,OK,22.21756654,22.24031927,573.186048,OK,20.89952942,20.94825122,87.904256,0.1533607741,1.0616790409999999
OSS/toxcore-0.2.9/DHT_bootstrap.bc,OK,22.6323442,22.65603185,260.325376,OK,22.04619364,22.28390264,199.81926399999998,0.7675750519,1.016699463
OSS/nauty-26r11/NRswitchg.bc,OK,23.27715363,23.356061399999998,90.107904,OK,21.66237646,21.78451911,84.320256,0.9357698077,1.072140325
OSS/hexedit-1.4.2/hexedit.bc,OK,23.49783275,23.52017076,516.907008,OK,22.69517459,22.71662286,448.57344000000006,0.8678029762999999,1.035372683
OSS/slimevolley-2.4.2/slimevolley.bc,OK,23.41045412,23.53250767,127.639552,OK,20.49956839,20.5208525,102.055936,0.799563571,1.146760724
OSS/lldpd-1.0.3/lldpd.bc,OK,23.53483279,23.60092468,759.226368,OK,24.63108153,24.73599232,142.606336,0.18783111600000002,0.9541127104000001
OSS/enscript-1.6.6/enscript.bc,OK,23.71493141,23.77203487,530.915328,OK,20.0339135,20.05602577,155.090944,0.2921199216,1.185281428
OSS/enigma-1.04/enigma.bc,OK,24.15056375,24.18423751,72.04864,OK,21.05500613,21.10832935,56.373248,0.7824332006999999,1.145720114
OSS/cvsps-3.13/cvsps.bc,OK,24.23437173,24.2760241,834.0029440000001,OK,20.90656621,20.95637343,392.54016,0.4706699932,1.158407688
OSS/distcc-3.3.2/distcc.bc,OK,24.51905438,24.61221297,562.597888,OK,22.64523186,22.71632297,117.90745600000001,0.2095767839,1.08345937
OSS/uucp-1.07/uuxqt.bc,OK,24.77291945,24.79624593,632.9344,OK,23.3362148,23.42405447,249.856,0.39475812979999997,1.058580442
OSS/uget-2.2.1/uget-gtk.bc,OK,24.77811557,24.80015258,704.4096,OK,22.82651013,22.94404444,159.75628799999998,0.22679459219999998,1.080897165
OSS/dictd-1.12.1/dictfmt.bc,OK,25.35604179,25.37659399,537.186304,OK,25.80516617,25.82427937,185.143296,0.3446537907,0.9826641676000001
OSS/lcdproc-0.5.9/LCDd.bc,OK,25.87085115,26.11235989,479.96927999999997,OK,26.68686312,26.67238429,332.8,0.6933777095,0.979003587
OSS/iproute2-5.0.0/devlink.bc,OK,26.36693794,26.38806603,1053.3478400000001,OK,24.84700606,24.90002061,550.887424,0.5229871872,1.0597608109999999
OSS/nginx-mainline-1.15.12/nginx.bc,OK,25.87606754,26.42418387,909.76256,OK,24.98417109,25.25197575,500.09292800000003,0.5496960965,1.046420452
OSS/dmtcp-2.5.2/mtcp_restart.bc,OK,27.00371034,27.34817458,593.5431679999999,OK,24.49159847,24.51213819,95.09683199999999,0.1602188975,1.115699266
OSS/catdoc-0.95/catdoc.bc,OK,27.340241100000004,27.36881259,237.256704,OK,28.50289976,28.59619272,140.14463999999998,0.5906877978,0.957078897
OSS/picocom-3.1/picocom.bc,OK,27.74990509,27.836551899999996,413.56492799999995,OK,27.91257706,27.93206229,247.84896,0.5992987877,0.9965806181
OSS/nsd-4.1.27/nsd-control.bc,OK,28.05720939,28.10424261,480.62054400000005,OK,27.98485931,28.00414673,361.545728,0.7522477608,1.003574323
OSS/dhcp-4.4.1/omshell.bc,OK,27.53891223,28.42405071,915.587072,OK,23.38453877,23.404401500000002,894.4599039999999,0.976925004,1.214474581
OSS/sndio-1.5.0/aucat.bc,OK,28.22886978,28.55232129,228.13900800000002,OK,27.17047952,27.31247807,90.984448,0.3988114474,1.0453947540000001
OSS/vnstat-2.1/vnstatd.bc,OK,28.59185637,28.61595471,608.079872,OK,26.1403064,26.19219287,263.39737599999995,0.4331624646,1.092537568
OSS/hdparm-9.58/hdparm.bc,OK,28.58818873,28.66814739,677.699584,OK,27.68783495,27.99616175,609.755136,0.8997425266,1.024002778
OSS/uucp-1.07/uuconv.bc,OK,28.70990072,28.73201254,210.71872000000002,OK,26.55974645,26.61208205,96.636928,0.4586062785,1.079660452
OSS/brltty-6.0/brltty-morse.bc,OK,29.19136726,29.21603256,647.888896,OK,27.2164368,27.26430891,145.788928,0.225021495,1.071585297
OSS/dhcp-4.4.1/dhcrelay.bc,OK,28.96887436,29.32007045,932.950016,OK,25.04132881,25.49949212,896.7700480000001,0.9612198217,1.149829585
OSS/vice-3.3/xcbm2.bc,OK,29.00209805,29.79627374,761.7986559999999,OK,25.60277129,27.53707732,564.973568,0.7416310905,1.0820419829999999
OSS/coreutils-8.31/stty.bc,OK,29.58770228,29.97999431,478.437376,OK,28.37506219,28.39590298,146.423808,0.3060459223,1.055785912
OSS/vice-3.3/xcbm5x0.bc,OK,29.85082606,29.98015552,768.663552,OK,29.56884877,29.83203049,571.572224,0.743592203,1.004965302
OSS/vice-3.3/xpet.bc,OK,29.73103687,30.16009527,756.3386879999999,OK,29.64816379,29.85608535,579.596288,0.7663184459000001,1.010182511
OSS/dhcp-4.4.1/dhclient.bc,OK,29.52492773,30.19228941,956.7559679999999,OK,24.52320599,24.76050402,924.962816,0.966769842,1.219372974
OSS/nsd-4.1.27/nsd-checkconf.bc,OK,30.1918821,30.44810059,519.634944,OK,28.43327994,28.6602674,367.22688,0.7067016648000001,1.0623801990000001
OSS/gkrellm-2.3.10/gkrellm.bc,OK,30.72288873,30.76396628,760.561664,OK,27.37025188,27.52416932,366.006272,0.4812315547,1.117707347
OSS/audit-2.8.4/auditctl.bc,OK,31.16153286,31.092147399999998,72.142848,OK,27.77263343,27.82833906,43.356159999999996,0.6009765514000001,1.11728362
OSS/uucp-1.07/uuchk.bc,OK,31.42970604,31.44792994,201.252864,OK,28.85142044,28.92412547,97.05471999999999,0.4822526153,1.0872560340000001
OSS/detox-1.3.0/inline-detox.bc,OK,31.71088594,31.75204545,77.914112,OK,27.79412182,27.60430619,28.393471999999996,0.3644201451,1.150256965
OSS/detox-1.3.0/detox.bc,OK,31.44229905,31.83977426,78.168064,OK,26.94494309,26.99609614,28.377088,0.3630266192,1.179421428
OSS/homebank-5.2.3/homebank.bc,OK,31.94138659,31.96487302,1083.5353599999999,OK,31.02477517,31.08832579,181.030912,0.1670743002,1.028195382
OSS/coreutils-8.31/ln.bc,OK,32.00935507,32.03211033,405.549056,OK,30.08158341,30.13598337,139.968512,0.34513336899999997,1.062919034
OSS/vice-3.3/xplus4.bc,OK,31.82676134,32.0811274,946.2784,OK,35.86229266,36.04007436,772.706304,0.8165739639,0.8901515318000001
OSS/coreutils-8.31/env.bc,OK,32.96563253,32.99231731,217.194496,OK,28.14436072,28.16457819,138.092544,0.635801305,1.1714117309999998
OSS/coreutils-8.31/head.bc,OK,32.9728896,32.99613891,321.15097599999996,OK,30.35257082,30.37626612,213.89721600000001,0.6660332117000001,1.0862473609999999
OSS/vnstat-2.1/vnstat.bc,OK,33.26669492,33.29996236,1016.2913279999999,OK,29.39259646,29.44405846,165.265408,0.1626161746,1.130956943
OSS/dropbear-2019.78/dropbearkey.bc,OK,33.65821444,33.67652106,296.943616,OK,33.17634229,33.01614178,66.445312,0.22376406969999998,1.02000171
OSS/dhcp-4.4.1/dhcpd.bc,OK,33.39358465,33.99212788,1037.733888,OK,27.82670063,28.27226559,1007.6733439999999,0.9710325119,1.2023135459999998
OSS/coreutils-8.31/expand.bc,OK,33.58628947,34.0162922,167.337984,OK,28.54520653,28.82439934,117.18656000000001,0.7002986244,1.180121459
OSS/ngircd-25/ngircd.bc,OK,33.81115004,34.14810662,531.365888,OK,31.05889704,31.1045061,348.475392,0.6558106190999999,1.097850791
OSS/chrony-3.4/chronyd.bc,OK,34.19358375,34.25198318,978.2558720000001,OK,30.83250859,31.16429652,273.170432,0.27924231260000004,1.099077695
OSS/sarg-2.3.11/sarg-2.3.11..bc,OK,34.51460601,34.55216657,871.1700480000001,OK,33.39143599,33.46843675,197.271552,0.22644436920000002,1.032380653
OSS/tinyproxy-1.10.0/tinyproxy.bc,OK,34.96309186,34.98854118,656.760832,OK,36.51519155,36.54007268,271.2576,0.4130234125,0.9575389048999999
OSS/gnupg-2.2.15/kbxutil.bc,OK,35.10378615,35.12351686,435.95366399999995,OK,33.85462439,34.28797024,207.409152,0.4757596257,1.0243685059999998
OSS/fig2dev-3.2.7/fig2dev.bc,OK,34.91381106,35.33599552,511.98361600000004,OK,31.888665500000002,32.11265391,362.51648,0.708062658,1.100376058
OSS/stalonetray-0.8.3/stalonetray.bc,OK,36.35065263,36.37195820000001,928.9236480000001,OK,30.59171412,30.63703086,395.28038399999997,0.42552516009999997,1.187189397
OSS/gnupg-2.2.15/gpg-wks-server.bc,OK,36.71019544,36.73607954,811.2660480000001,OK,34.71315949,34.76003035,263.069696,0.3242705604,1.056848316
OSS/mtpaint-3.40/mtpaint.bc,OK,36.72550933,36.75212719,633.475072,OK,32.69846347,33.06405575,230.903808,0.3645033849,1.111543226
OSS/vice-3.3/x64dtv.bc,OK,37.11423545,37.440178499999995,983.506944,OK,36.49073367,36.60407798,770.547712,0.7834695186,1.022841732
OSS/fvwm-2.6.8/FvwmAnimate.bc,OK,37.81118431,37.81201018,406.212608,OK,33.830279600000004,33.91245008,200.323072,0.4931483367,1.11498904
OSS/dvtm-0.15/dvtm.bc,OK,37.85273846,37.89209794,403.29216,OK,37.771491499999996,37.81630868,181.64531200000002,0.45040625630000003,1.002004142
OSS/gnupg-2.2.15/gpg-protect-tool.bc,OK,38.41653791,38.47604129,994.021376,OK,32.77033184,32.86817722,239.898624,0.24134151420000002,1.1706168259999998
OSS/oidentd-2.3.2/oidentd.bc,OK,39.01307099,39.05645841,323.117056,OK,36.42790909,36.78815726,87.093248,0.26954085640000003,1.061658461
OSS/davfs2-1.5.5/mount.davfs.bc,OK,39.54163475,39.58799714,998.8096,OK,38.2157713,38.23630395,732.1067519999999,0.7329792905,1.035351042
OSS/xcftools-1.0.7/xcf2pnm.bc,OK,40.43431437,40.48026487,123.68281599999999,OK,38.778431,38.86020392,55.631871999999994,0.44979467479999996,1.041689461
OSS/coreutils-8.31/numfmt.bc,OK,40.84980195,40.87619579,435.13856,OK,41.21018475,41.22804528,182.521856,0.4194568645,0.9914657732
OSS/xcftools-1.0.7/xcf2png.bc,OK,40.62128988,40.96816935,125.8496,OK,39.00207493,38.86806842,55.72608,0.4427990236,1.054031523
OSS/e2fsprogs-1.45.0/mke2fs.bc,OK,42.10137802,42.12444649,586.809344,OK,43.7107247,43.84829479,68.530176,0.11678439800000001,0.9606860813
OSS/vice-3.3/xvic.bc,OK,42.12911592,42.20801751,1132.744704,OK,41.33987265,41.80419282,804.5568,0.7102719590000001,1.009659909
OSS/nauty-26r11/addedgeg.bc,OK,43.53154378,43.47605041,98.521088,OK,41.13178907,41.19222304,90.116096,0.9146883965000001,1.0554431690000001
OSS/vice-3.3/x64.bc,OK,43.18356579,43.91635448,1220.2434560000002,OK,40.88997216,41.49625764,959.7296640000001,0.7865067084,1.058320846
OSS/vice-3.3/xscpu64.bc,OK,43.478308500000004,43.98025157,1208.1152,OK,42.4715395,42.82429163,946.9952,0.7838616715000001,1.02699309
OSS/ecl-16.1.3/dpp.bc,OK,43.99394924,44.22465306,269.922304,OK,41.12986564,41.20430135,244.723712,0.9066450173999999,1.073301855
OSS/vice-3.3/x64sc.bc,OK,43.60240319,44.87201029999999,1215.578112,OK,42.33745802,42.66415662,947.9987199999999,0.7798747859999999,1.051749615
OSS/fvwm-2.6.8/FvwmScript.bc,OK,45.64202026,45.66087441,672.948224,OK,48.89542729,49.04396034,463.73683200000005,0.6891122013,0.9310193161
OSS/vice-3.3/x128.bc,OK,45.29978221,45.88839003,1286.3119359999998,OK,45.4414657,45.84798416,1029.689344,0.8004973873000001,1.000881301
OSS/isync-1.3.0/mbsync.bc,OK,46.39740147,46.42011628,210.90713599999998,OK,40.75596531,40.81214092,121.987072,0.5783923404,1.137409487
OSS/opensmtpd-6.0.3p1/smtpd.bc,OK,46.63779279,46.72465342,1412.0673279999999,OK,42.78156325,43.05210222,449.66707199999996,0.3184459148,1.085304805
OSS/ziproxy-3.3.1/ziproxy.bc,OK,47.38629126,47.58022878,1466.5564160000001,OK,43.70149657,43.82405028,121.46688,0.08282455327,1.0857104370000001
OSS/coreutils-8.31/rm.bc,OK,48.45859341,48.52013069,838.36928,OK,44.77838344,44.79671831,681.61536,0.8130252101000001,1.083117972
OSS/musepack-0.1+r475/mpcenc.bc,OK,48.62155643,48.67213126,392.142848,OK,39.06950581,39.26496178,206.49983999999998,0.5265934112,1.239581781
OSS/horst-5.1/horst.bc,OK,49.78457207,49.80876652,517.218304,OK,51.2430088,51.32000517,405.475328,0.7839539414,0.9705526403
OSS/sthttpd-2.27.1/thttpd.bc,OK,49.8286962,49.84812288,1030.565888,OK,50.29967933,50.32021373,986.6280960000001,0.9573653731999999,0.9906182662999999
OSS/xdialog-2.3.1/Xdialog.bc,OK,49.81505445,49.86032871,974.2868480000001,OK,47.48938827,47.53618737,879.0671359999999,0.9022672715000001,1.048892044
OSS/coreutils-8.31/join.bc,OK,50.00253792,50.02003848,505.790464,OK,46.03054704,46.08419854,157.65913600000002,0.3117083995,1.085405411
OSS/ncurses-6.1/infocmp.bc,OK,50.47142453,50.49250371,1270.616064,OK,50.03753956,50.43625649,95.05996800000001,0.07481407696,1.0011152140000001
OSS/iodine-0.7.0/iodine.bc,OK,52.34639568,52.65245512,487.010304,OK,51.56227033,51.63235166,52.10112,0.1069815558,1.01975706
OSS/gnupg-2.2.15/gpg-connect-agent.bc,OK,52.65760328,52.67609885,1041.723392,OK,42.02078161,42.37291299,357.523456,0.3432038281,1.243155005
OSS/fbida-2.14/fbi.bc,OK,52.67178785,52.75202693,220.35251200000002,OK,51.35908018,50.988265399999996,143.192064,0.649831775,1.034591518
OSS/tnftp-20151004/tnftp.bc,OK,53.0581539,53.08082336,1287.9052800000002,OK,51.53707916,51.62857509,225.005568,0.17470661199999998,1.028128769
OSS/ser2net-3.5/ser2net.bc,OK,56.27033934,56.29237813,855.9165439999999,OK,59.14912886,59.22830509,255.32416,0.2983049712,0.9504303398
OSS/coreutils-8.31/factor.bc,OK,56.46127377,56.52412482,314.22873599999997,OK,52.44122646,52.46041103,94.75686400000001,0.3015537828,1.077462485
OSS/tor-0.3.5.8/tor-resolve.bc,OK,58.19947769,58.35595586,1929.928704,OK,52.89644145,53.10001034,70.365184,0.036459991430000005,1.098982006
OSS/gnupg-2.2.15/symcryptrun.bc,OK,59.33813589999999,59.44799653,766.672896,OK,55.82895465,55.87200523,267.501568,0.34891225369999995,1.064003275
OSS/lcdproc-0.5.9/lcdproc.bc,OK,60.39140332,60.44473942,854.8556800000001,OK,59.51807623,59.580301299999995,746.92608,0.8737452385,1.014508791
OSS/iodine-0.7.0/iodined.bc,OK,61.32858283,61.3520942,1376.80896,OK,62.53433384,62.58821175,1204.350976,0.8747408034999999,0.9802499940999999
OSS/udftools-2.1/wrudf.bc,OK,61.44197668,61.41602707,875.229184,OK,61.16302286,61.21197896,485.43334400000003,0.5546356919,1.003333467
OSS/nauty-26r11/complg.bc,OK,62.59782673,62.62006501,231.34207999999998,OK,61.61476244,61.67603121,217.587712,0.9405453257999999,1.015306332
OSS/pcre2-10.32/pcre2test.bc,OK,63.63260691,63.69611383,350.773248,OK,56.78430518,56.80434845,298.385408,0.8506504122,1.121324609
OSS/gifsicle-1.91/gifview.bc,OK,64.83672452,64.85585788,909.611008,OK,61.35504331,61.74392542,447.049728,0.49147352450000004,1.0504006259999998
OSS/openssh-8.0p1/ssh-agent.bc,OK,66.3321263,66.35240603,248.33638399999998,OK,66.77991125,66.83625286,106.098688,0.4272377905,0.9927607127
OSS/audit-2.8.4/ausearch.bc,OK,66.83961017,66.91616667,556.78976,OK,66.5725365,66.64426507,120.655872,0.2166991577,1.004079895
OSS/caph-1.1/caph.bc,OK,69.91140079,69.93602623,49.508352,OK,59.40834595,59.44094006,42.545152,0.8593530239,1.17656326
OSS/dosfstools-4.1/fsck.fat.bc,OK,71.88010841,71.92813231,708.554752,OK,68.86898898,68.99225591,303.67744,0.4285871193,1.042553709
OSS/openssh-8.0p1/sftp-server.bc,OK,72.66278859,72.68577217,884.0765439999999,OK,80.21370804,80.28798726,493.072384,0.5577258975,0.9053131689
OSS/iproute2-5.0.0/ss.bc,OK,73.95198692,74.14425154,1617.707008,OK,76.65875635,76.72030194,271.63852799999995,0.16791577629999999,0.9664228329000001
OSS/sshguard-2.3.1/sshg-parser.bc,OK,74.62539546,74.70037908,89.481216,OK,68.18585247,68.21198276,83.111936,0.9288199212999999,1.095121063
OSS/wpa_supplicant-2.6/eapol_test.bc,OK,75.57003587,75.89215171,1444.548608,OK,76.62094300000001,77.0922811,791.248896,0.5477481973,0.9844325609000001
OSS/mtools-4.0.23/mtools.bc,OK,76.12183474,76.42056358,688.123904,OK,73.25671170000001,73.34039403,486.387712,0.7068315883,1.041998268
OSS/openssh-8.0p1/scp.bc,OK,76.41767646,76.49200081,927.0149119999999,OK,73.70653626,74.06806401,374.34572799999995,0.40381845340000005,1.032725802
OSS/openssh-8.0p1/ssh.bc,OK,76.51932776,76.8002334,302.31347200000005,OK,65.01260032,65.18815857,209.047552,0.6914926768,1.1781316590000002
OSS/unpaper-6.1/unpaper.bc,OK,77.19436732,77.21199013,307.843072,OK,71.73089183,71.84408803,270.286848,0.878002049,1.074715989
OSS/lbreakout2-2.6.5/lbreakout2server.bc,OK,77.57704555,77.77640789,381.05497599999995,OK,78.69676879,78.71661462,295.54688,0.7756016812000001,0.9880558033
OSS/chrony-3.4/chronyc.bc,OK,78.34054837,78.35989445,573.718528,OK,72.24349538,72.28416212,273.92819199999997,0.4774609475,1.084053438
OSS/mairix-0.24/mairix.bc,OK,80.6457093,80.69226232,1084.94848,OK,80.12176703,80.17257181,161.501184,0.1488560858,1.006482148
OSS/ncurses-6.1/tic.bc,OK,81.97326911,81.99256985,1346.719744,OK,83.93117887,83.95232553,594.325504,0.44131342590000006,0.9766563264
OSS/nauty-26r11/deledgeg.bc,OK,82.34423251,82.37217798,117.78867199999999,OK,79.33076509,79.53603498,108.539904,0.9214799875,1.035658592
OSS/openssh-8.0p1/ssh-pkcs11-helper.bc,OK,82.67580546,82.70442197,674.07872,OK,94.5344145,94.60804217,613.449728,0.9100565109000001,0.8741796159999999
OSS/xplot-0.90.7.1/xplot.bc,OK,82.87146705,82.98844220000001,701.97248,OK,81.27455645,81.32393526,257.855488,0.3673299101,1.020467614
OSS/fsarchiver-0.8.5/fsarchiver.bc,OK,85.06472249,85.46430725,2328.6005760000003,OK,76.99468032,77.04804285,840.2042880000001,0.3608194109,1.10923398
OSS/apache-2.4.39/httpd.bc,OK,86.64203885,86.8163635,1216.831488,OK,79.82636515,80.08453789,578.650112,0.4755384108,1.084058993
OSS/cronie-1.5.4/crond.bc,OK,88.1556959,88.17996801,574.390272,OK,85.51667526,85.54441154,368.45158399999997,0.6414655713,1.030809219
OSS/nauty-26r11/pickg.bc,OK,92.00339667,92.035949,127.488,OK,87.60374829,87.70419596,114.86412800000001,0.9009799197,1.049390488
OSS/nauty-26r11/countg.bc,OK,92.074145,92.4881292,127.488,OK,87.53006155,87.58798598,114.86412800000001,0.9009799197,1.055945381
OSS/chemtool-1.6.14/chemtool.bc,OK,95.36109168,95.52863527,1061.6832,OK,77.5265792,77.75616342,258.670592,0.2436419753,1.2285667279999999
OSS/w3m-0.5.3.git20180125/w3m.bc,OK,99.29581773,99.46449687,374.14502400000003,OK,96.80353318,96.99639585,340.24652799999996,0.9093974426000001,1.0254452859999998
OSS/optipng-0.7.7/optipng.bc,OK,99.52716337,99.55224921,162.06643200000002,OK,101.3474084,101.3681566,131.678208,0.8124952612,0.9820860178
OSS/nauty-26r11/planarg.bc,OK,99.76516237,99.78395836,699.6500480000001,OK,83.87167382,83.82439858,582.79936,0.8329869506,1.190392774
OSS/netdata-1.13.0/apps.plugin.bc,OK,101.2179507,101.279948,2564.194304,OK,94.29467965,94.38804955,1504.067584,0.5865653713,1.073016642
OSS/flex-2.6.4/flex.bc,OK,102.6156907,102.66399270000001,1449.566208,OK,95.27300878,95.34418012,1321.824256,0.9118757381999999,1.076772516
OSS/gnupg-2.2.15/gpg-wks-client.bc,OK,104.7966515,104.81606109999998,3303.5141120000003,OK,92.37420188,92.4403517,373.49376,0.1130595322,1.133877784
OSS/autofs-5.1.4/automount.bc,OK,106.2665402,106.3483481,1749.078016,OK,100.71052979999999,100.9242537,325.873664,0.1863116802,1.053744211
OSS/coreutils-8.31/tail.bc,OK,106.8617968,106.90791010000001,1039.699968,OK,103.0187313,103.03997070000001,292.380672,0.2812163903,1.037538242
OSS/dictd-1.12.1/dictd.bc,OK,107.3540195,107.4286399,709.251072,OK,113.21703590000001,113.30021049999999,248.33638399999998,0.35013889130000003,0.9481768779
OSS/iftop-1.0pre4/iftop.bc,OK,107.957154,108.1120472,2022.293504,OK,111.06365990000002,111.1239422,1362.202624,0.6735929386,0.9728960753
OSS/pwgen-2.08/pwgen.bc,OK,111.94701780000001,111.90414380000001,89.40339200000001,OK,98.30133378,98.32054455,59.604992,0.6666972099,1.138156265
OSS/gnupg-2.2.15/scdaemon.bc,OK,113.7205048,113.74412190000001,1358.4670720000001,OK,107.4962033,107.5715256,388.849664,0.2862415085,1.057381321
OSS/uucp-1.07/uucp.bc,OK,115.51579140000001,115.53597590000001,2671.767552,OK,111.04482479999999,111.07243100000001,1800.278016,0.6738153604000001,1.0401858929999999
OSS/brltty-6.0/brltty.bc,OK,115.77921299999998,115.8159567,3103.059968,OK,103.9591767,104.20803670000001,715.73504,0.23065459489999998,1.111391792
OSS/lbreakout2-2.6.5/lbreakout2.bc,OK,117.9289675,118.056347,3084.537856,OK,109.5409506,109.8203423,884.6376960000001,0.2867974839,1.074995256
OSS/freeradius-3.0.19/radiusd.bc,OK,118.30838870000001,118.29219029999999,907.6203519999999,OK,119.06416979999999,119.1522004,387.42016,0.42685265829999997,0.9927822561
OSS/miniupnpd-2.1.20190210/miniupnpd.bc,OK,118.66299409999999,118.6883399,910.983168,OK,95.2692328,95.41707832,819.26144,0.8993156721,1.243889899
OSS/ndctl-64.1/ndctl.bc,OK,127.0615229,127.08380759999999,2923.008,OK,122.3137132,122.3961709,171.319296,0.05861061482000001,1.038298883
OSS/uucp-1.07/cu.bc,OK,129.83800530000002,129.85998519999998,4046.962688,OK,124.29541210000001,124.3161176,2777.86624,0.6864076726999999,1.044594922
OSS/zsync-0.6.2/zsync.bc,OK,130.03077240000002,130.0925057,176.80383999999998,OK,130.7783684,130.8243831,97.107968,0.5492412834,0.9944056501999999
OSS/coreutils-8.31/split.bc,OK,133.5331392,133.6328229,1214.746624,OK,141.4582,141.40832880000002,155.906048,0.1283444999,0.9450138054999999
OSS/minidlna-1.2.1/minidlnad.bc,OK,134.9641004,134.9842157,1837.8833920000002,OK,133.0743117,133.1445057,651.4155519999999,0.354437912,1.0138173940000001
OSS/unbound-1.9.1/unbound-host.bc,OK,137.8423008,137.94003,1416.23296,OK,132.56584009999997,133.0081235,188.792832,0.1333063397,1.0370797390000002
OSS/pork-0.99.8.1/pork.bc,OK,143.9935994,144.2480177,1080.147968,OK,142.8620087,143.24043740000002,488.37427199999996,0.45213645399999997,1.007034189
OSS/lxsession-0.5.4/lxsession.bc,OK,145.9950275,146.1240906,5831.380992,OK,81.22342963,81.5652813,129.671168,0.022236785449999998,1.791498641
OSS/brltty-6.0/brltty-tune.bc,OK,146.50225569999998,146.95597130000002,1526.755328,OK,145.2455988,145.2641765,658.038784,0.4310047405,1.011646332
OSS/nauty-26r11/newedgeg.bc,OK,150.7268608,150.7524869,91.951104,OK,143.6973783,143.728915,85.827584,0.933404606,1.048866798
OSS/ltrace-0.7.3/ltrace.bc,OK,153.4773638,153.5203409,1930.0843519999999,OK,150.0685353,149.9885404,1536.1925119999999,0.7959198832,1.023547136
OSS/coreutils-8.31/od.bc,OK,154.7630613,154.8009364,873.259008,OK,145.59604130000002,145.6159936,735.51872,0.8422686892,1.063076469
OSS/ncdu-1.14/ncdu.bc,OK,156.5006128,156.52828469999997,1756.581888,OK,162.1398126,162.2639276,749.867008,0.4268898667,0.9646523845999999
OSS/coreutils-8.31/test.bc,OK,163.65106740000002,163.6761803,2087.636992,OK,157.96743590000003,158.048526,338.60403199999996,0.16219488029999998,1.035607129
OSS/coreutils-8.31/vdir.bc,OK,164.4589011,164.52507590000002,1525.301248,OK,172.1516939,172.19619840000001,631.169024,0.4137995854,0.955451267
OSS/metacity-3.30.1/metacity-theme-viewer.bc,OK,167.7277085,167.7563873,44.077056,OK,179.1635686,179.1884189,43.1104,0.9780689526999999,0.9362010576
OSS/coreutils-8.31/leftbracket.bc,OK,170.29694809999998,170.3121785,2154.266624,OK,160.7554478,161.1520385,352.014336,0.1634033281,1.056841602
OSS/coreutils-8.31/dir.bc,OK,173.3338244,173.3561676,1506.070528,OK,170.39314319999997,170.3439515,633.778176,0.4208157349,1.017683141
OSS/coreutils-8.31/ls.bc,OK,175.0337747,175.0641421,1509.1834880000001,OK,166.4195337,166.45996509999998,630.35392,0.4176787813,1.051689167
OSS/coreutils-8.31/pr.bc,OK,176.62787350000002,176.6440576,561.78688,OK,156.5943045,156.68832749999999,146.82112,0.2613466516,1.127359392
OSS/openvswitch-2.11.0/ovsdb-tool.bc,OK,187.05405109999998,187.4041263,7421.587456,OK,170.45705149999998,170.6602116,621.453312,0.08373590094,1.0981125859999998
OSS/nmap-7.70/ncat.bc,OK,188.47348480000002,188.53615980000004,1380.073472,OK,176.5889668,176.7043946,331.800576,0.2404223998,1.066957956
OSS/packeth-1.9/packETH.bc,OK,188.2025286,188.7083108,152.86272,OK,83.70278032,83.82426164,119.504896,0.7817792069,2.2512373759999997
OSS/gob2-2.0.20/gob2.bc,OK,191.3055084,191.3360411,1576.534016,OK,158.7895554,158.8369824,1010.356224,0.6408718199,1.204606372
OSS/slirp4netns-0.3.0/slirp4netns.bc,OK,193.0458589,193.1642064,2128.838656,OK,168.29017439999998,168.31316130000002,2034.05312,0.9554754722,1.147647664
OSS/joe-4.6/joe.bc,OK,193.9899904,194.13200980000002,1671.307264,OK,196.4233081,196.6400149,227.749888,0.1362705069,0.9872457035
OSS/openssh-8.0p1/ssh-keysign.bc,OK,197.0729756,197.09633119999998,3033.911296,OK,201.74283480000003,201.8883604,1843.7038079999998,0.6076986529999999,0.9762639648
OSS/premake3-3.7/premake.bc,OK,207.4597497,207.5402456,1284.83328,OK,219.3227419,219.3563637,614.002688,0.4778851058,0.9461327771
OSS/openssh-8.0p1/ssh-keyscan.bc,OK,215.5202379,215.6240738,526.97088,OK,221.7907857,221.92426,264.433664,0.5017993860000001,0.9716110971999999
OSS/dvdauthor-0.7.2/spumux.bc,OK,224.2648935,224.1440853,430.125056,OK,200.4913361,200.5640781,212.75033599999998,0.49462437270000004,1.117568447
OSS/vpnc-0.5.3.r454.r67/vpnc.bc,OK,242.40984269999996,242.4519925,4508.413952,OK,243.1276,243.1562081,2389.36064,0.5299780955,0.9971038553
OSS/tint2-16.6.1/tint2.bc,OK,244.9465194,244.96863219999997,1057.87392,OK,266.7511122,266.77622169999995,974.9544960000001,0.9216169125,0.9182551229000001
OSS/coreutils-8.31/cp.bc,OK,246.2601652,246.28403480000003,2501.492736,OK,224.84092489999998,224.89617760000002,962.576384,0.3848007912,1.095101026
OSS/ncftp-3.2.6/ncftp.bc,OK,249.5840014,249.6085226,4146.3808,OK,251.18439419999999,251.44008390000002,1332.678656,0.3214076855,0.9927157147
OSS/ppp-2.4.7/chat.bc,OK,250.250601,250.260243,450.957312,OK,233.15257549999998,233.21207740000003,187.03974399999998,0.41476152850000003,1.073101555
OSS/mpg123-1.25.10/mpg123.bc,OK,255.8307205,255.5246404,756.5967360000001,OK,240.16334709999998,240.12019759999998,443.51488,0.5861971892,1.064153049
OSS/ncftp-3.2.6/ncftpls.bc,OK,273.58673619999996,273.6361647,3366.6744320000003,OK,264.1761752,264.2000471,3253.735424,0.9664538373999999,1.035715806
OSS/coreutils-8.31/dd.bc,OK,283.0585088,283.15216139999995,1731.6741120000002,OK,272.3487419,272.4041655,411.54150400000003,0.23765528460000002,1.039456063
OSS/gnupg-2.2.15/gpg-agent.bc,OK,294.7058053,294.7241704,2337.574912,OK,276.1158591,276.5803903,515.436544,0.22050054579999998,1.065600385
OSS/most-5.1.0/most.bc,OK,316.38327749999996,316.39659689999996,744.873984,OK,343.6506497,343.7641749,70.627328,0.09481782089,0.9203885104
OSS/bc-1.07.1/dc.bc,OK,318.20336499999996,318.2321383,3301.322752,OK,315.0282215,315.04817819999994,1287.00416,0.3898449975,1.010106264
OSS/iproute2-5.0.0/tc.bc,OK,341.954778,341.9843091,3343.970304,OK,335.09006239999997,335.37607510000004,1214.988288,0.36333704479999995,1.019703952
OSS/gnupg-2.2.15/gpgconf.bc,OK,342.9028768,342.936017,2843.344896,OK,322.2893171,322.1405499,312.274944,0.10982661460000001,1.064554019
OSS/coreutils-8.31/mv.bc,OK,345.9112975,346.1281235,3852.75904,OK,330.576209,330.64798460000003,1606.475776,0.4169676222,1.046817581
OSS/nsd-4.1.27/nsd-checkzone.bc,OK,350.9044369,351.03610330000004,4477.300736,OK,356.553729,356.69201089999996,3646.222336,0.8143795895999999,0.984143442
OSS/goaccess-1.3/goaccess.bc,OK,351.2309008,351.24012910000005,1313.763328,OK,338.31933239999995,338.4081296,464.494592,0.3535603271,1.0379187090000002
OSS/unbound-1.9.1/unbound-checkconf.bc,OK,351.1535475,351.3842631,5120.970752,OK,357.79997180000004,358.0080975,2193.5185920000004,0.4283403867,0.9814980878
OSS/socat-1.7.3.2/filan.bc,OK,360.0990354,360.1680872,4872.2411520000005,OK,346.0843821,346.0840147,1683.795968,0.34558961990000003,1.04069553
OSS/rox-2.11/ROX-Filer.bc,OK,361.9272358,362.2649213,9568.681984,OK,399.7108335,400.616026,328.84736000000004,0.03436704873,0.9042696693000001
OSS/spectrwm-3.2.0/spectrwm.bc,OK,365.7775175,365.8240308,3778.891776,OK,378.1102004,378.1721575,2063.138816,0.5459639857999999,0.9673478694
OSS/bird-2.0.3/bird.bc,OK,399.4238853,399.66795110000004,3685.036032,OK,421.1013635,421.37589429999997,331.18208,0.08987214158,0.9484831869
OSS/fwknop-2.6.10/fwknopd.bc,OK,416.95097460000005,416.9691059,2133.282816,OK,430.8790432,430.93239969999996,2031.853568,0.9524539140999999,0.9675974843999999
OSS/cscope-15.9/cscope.bc,OK,421.05249060000006,421.1400893,970.8503039999999,OK,390.64864480000006,390.69198910000006,296.165376,0.3050577157,1.077933772
OSS/moserial-3.0.12/moserial.bc,OK,422.0754633,422.2609451,108.978176,OK,585.4426844999999,585.4809032000001,106.835968,0.9803427798000001,0.721220697
OSS/nauty-26r11/watercluster2.bc,OK,432.0538864,432.1080313,681.472,OK,427.41123899999997,427.4321378,627.986432,0.9215146506,1.010939499
OSS/bully-1.1.12.g04185d7/bully.bc,OK,458.35573150000005,458.7440267,946.372608,OK,436.7432907,436.79201860000006,797.34784,0.8425305564,1.050257347
OSS/uucp-1.07/uustat.bc,OK,476.49087469999995,476.53215819999997,8027.820032,OK,476.2722375,476.3283852,2748.25216,0.3423410277,1.0004277990000001
OSS/cmus-2.8.0/cmus.bc,OK,488.9695789,489.11632639999993,4543.75424,OK,432.06940260000005,432.38895650000006,2011.389952,0.4426713783,1.131195233
OSS/iproute2-5.0.0/bridge.bc,OK,492.60719349999994,492.63230880000003,2141.6591359999998,OK,465.7047619,465.69232489999996,532.9797120000001,0.24886299739999998,1.057849319
OSS/xsane-0.999/xsane-gimp.bc,OK,493.9071267,493.93583459999996,10050.584579999999,OK,462.95257639999994,463.2202676,429.60895999999997,0.04274467388,1.066308772
OSS/xsane-0.999/xsane.bc,OK,499.732942,499.76439129999994,10118.06618,OK,467.1548982,467.5322953,429.50656,0.04244947132,1.068940897
OSS/uucp-1.07/uux.bc,OK,500.2019648,500.2282927,11265.07315,OK,499.3308061000001,499.54847760000007,5515.075584,0.48957299340000004,1.001360859
OSS/ext4magic-0.3.2/ext4magic.bc,OK,547.4893958,547.5922182999999,844.587008,OK,566.490721,566.5719801,272.371712,0.3224910038,0.9665007053
OSS/xlockmore-5.56/xlock.bc,OK,565.8002801,566.1600836,980.8650240000001,OK,504.4886982,505.02416500000004,859.987968,0.8767648422,1.1210554320000001
OSS/nauty-26r11/shortg.bc,OK,574.5158011,574.5680456,793.923584,OK,533.4034221,533.4240109,546.9757440000001,0.6889526334999999,1.077131951
OSS/mtr-0.92/mtr.bc,OK,600.2389544,600.2681838,919.4946560000001,OK,571.5039057999999,571.5603905,780.066816,0.8483647087,1.050227052
OSS/sdparm-1.10/sdparm.bc,OK,615.6960113,615.7961177,7941.722112,OK,622.1473506,622.2321601,7004.827648,0.882028803,0.9896565256000001
OSS/tcptrace-6.6.7/tcptrace.bc,OK,659.9227721,659.8040818,3091.9802879999997,OK,653.9073258,654.276064,1901.7072640000001,0.6150450801,1.00844906
OSS/kmod-26/kmod.bc,OK,660.1895056,660.3159227000001,3308.064768,OK,685.9508412,686.0362364,856.7480320000001,0.2589876838,0.9625088117
OSS/shntool-3.0.10/shntool.bc,OK,666.7584076,666.9242944,14063.9191,OK,673.7131982000001,673.8083324,704.364544,0.050083091260000004,0.9897833884
OSS/hydra-8.9.1/hydra.bc,OK,693.4478399000001,693.6083357000001,8448.626688,OK,662.2768397000001,662.4123691000001,8000.565248000001,0.9469663584,1.047094481
OSS/bmon-4.0/bmon.bc,OK,708.0670787,708.1321915,156.868608,OK,673.3817455,673.5123452,83.308544,0.5310721186,1.0514019479999999
OSS/naim/naim.bc,OK,727.7509115,727.8762625,2903.3963519999998,OK,625.1366247999999,625.3570034,1950.613504,0.6718385186,1.1639371729999999
OSS/icecast-2.4.3/icecast.bc,OK,736.2839796,736.3441372999999,10061.93869,OK,791.3531915,791.5768327999999,8279.662592,0.8228695134,0.9302244668999999
OSS/unbound-1.9.1/unbound.bc,OK,777.1133976,777.2762907,7781.019648,OK,850.8088302000001,851.1641768999999,6718.1363200000005,0.8634005084,0.9131919691
OSS/fvwm-2.6.8/FvwmProxy.bc,OK,787.0004552999999,787.0128582000001,14399.819780000002,OK,856.100759,856.2201892999999,13116.81741,0.9109014981999999,0.9191711057999999
OSS/tmux-2.8/tmux.bc,OK,805.330687,805.3686222,10665.89798,OK,849.5919974,849.6560812000001,8593.358848,0.8056854529,0.9478760170999999
OSS/brltty-6.0/brltty-ttb.bc,OK,868.1041303999999,868.1400965,1558.3641599999999,OK,669.6829353999999,669.7519427,696.705024,0.4470745939,1.29621139
OSS/openssh-8.0p1/ssh-add.bc,OK,998.5756859999999,998.6601306,14465.576959999999,OK,989.2161239,989.3283583999998,6119.2192,0.4230193664,1.009432432
OSS/ncftp-3.2.6/ncftpput.bc,OK,1077.355325,1077.384383,18161.72134,OK,1006.656574,1006.7399839999999,7863.721984000001,0.4329832969,1.070171445
OSS/sxhkd-0.6.0/sxhkd.bc,OK,1086.461462,1086.5359,238.16192,OK,1038.224551,1038.276081,138.481664,0.5814601427,1.046480719
OSS/ppp-2.4.7/pppd.bc,OK,1088.279827,1088.316186,20302.96269,OK,1061.329621,1061.427911,8058.4663040000005,0.3969108562,1.025332172
OSS/nauty-26r11/labelg.bc,OK,1090.354481,1090.3919529999998,802.656256,OK,1028.104971,1028.212046,545.2513280000001,0.6793086379000001,1.060473816
OSS/dropbear-2019.78/dbclient.bc,OK,1106.5506300000002,1106.636116,1342.1076480000002,OK,1049.1648380000001,1049.324482,943.7388800000001,0.7031767395,1.054617647
OSS/tig-2.4.1/tig.bc,OK,1162.740018,1163.032129,4210.327552000001,OK,1183.261589,1183.444057,3591.2704,0.8529669854999999,0.9827520975
OSS/openssh-8.0p1/ssh-keygen.bc,OK,1212.172289,1212.216545,29670.338560000004,OK,1169.3359460000001,1169.700035,1128.185856,0.03802403042,1.036348217
OSS/audit-2.8.4/aureport.bc,OK,1237.923046,1237.976192,13133.45126,OK,1183.2909,1183.2364890000001,2606.567424,0.19846781870000002,1.04626269
OSS/e2fsprogs-1.45.0/e2fsck.bc,OK,1268.694602,1268.832075,11705.1351,OK,1328.62466,1328.800162,10037.71085,0.8575476284,0.9548705002
OSS/openssh-8.0p1/sftp.bc,OK,3035.680675,3035.8128690000003,45902.75789,OK,3445.4836,3445.548104,9137.405952,0.1990600646,0.8810827123
OSS/wcslib-6.2/wcsware.bc,OK,1324.321697,1324.436033,4504.133632,OK,1334.6929599999999,1334.796157,3678.3267840000003,0.8166557843000001,0.9922384227
OSS/dhcpcd-7.0.8/dhcpcd.bc,OK,1370.014262,1370.1642980000001,16001.64659,OK,1386.0764589999999,1386.14014,3998.613504,0.24988762760000002,0.9884745837000001
OSS/metacity-3.30.1/metacity.bc,OK,2110.70838,2111.028761,36323.782660000004,OK,2362.7218989999997,2362.904127,6329.348096,0.1742480445,0.8934043226999999
OSS/ltris-1.0.19/ltris.bc,OK,1384.332464,1384.380073,819.9045120000001,OK,1370.526269,1370.556057,433.76230400000003,0.5290400256000001,1.010086429
OSS/pgbouncer-1.9.0/pgbouncer.bc,OK,1405.155057,1405.652182,12775.36256,OK,1406.03925,1406.164428,4807.819264,0.37633525009999996,0.9996357139000001
OSS/nauty-26r11/dreadnaut.bc,OK,1657.9561429999999,1658.008088,982.278144,OK,1594.828046,1594.944358,899.9526400000001,0.9161892133,1.039539768
OSS/coreutils-8.31/sort.bc,OK,1827.649131,1827.6922359999999,6279.753728,OK,1885.214748,1885.4800289999998,946.7944960000001,0.1507693672,0.9693511506999999
OSS/fvwm-2.6.8/FvwmPager.bc,OK,1887.8464609999999,1887.8885059999998,18166.272,OK,2015.8062559999998,2015.9324219999999,15587.770369999998,0.8580610468000001,0.9364840236
OSS/fvwm-2.6.8/FvwmIdent.bc,OK,1923.665883,1923.9970879999998,13409.12026,OK,2026.953161,2027.052175,12165.41901,0.9072496014,0.9491601212999999
OSS/ratpoison-1.4.9/ratpoison.bc,OK,2166.714046,2166.824087,15227.826180000002,OK,2267.432643,2267.5200440000003,12886.92122,0.8462745153,0.9555920323
OSS/tinc-1.0.35/tincd.bc,OK,2184.526385,2184.463989,16676.08986,OK,2224.844048,2224.932439,13852.127230000002,0.8306579870999999,0.9818113804999999
OSS/xfwm4-4.12.5/xfwm4.bc,OK,2225.9473359999997,2226.028075,11541.44256,OK,2452.5220449999997,2452.552088,9342.205952,0.8094487239,0.9076374305
OSS/bogofilter-1.2.4/bogotune.bc,OK,2301.570616,2301.656384,193.921024,OK,2321.804948,2321.855865,75.747328,0.3906091585,0.9913002865999999
OSS/dropbear-2019.78/dropbear.bc,OK,2342.186143,2342.307952,5189.644288,OK,2309.838423,2310.044076,1050.8492800000001,0.2024896547,1.013966779
OSS/links-2.19/links.bc,OK,2511.935286,2512.239909,29761.138689999996,OK,2740.042646,2740.480057,3929.980928,0.1320507582,0.9167152675
OSS/links-2.19/xlinks.bc,OK,2522.8421129999997,2523.140178,29587.36179,OK,2760.0150710000003,2760.112103,3921.1048960000003,0.1325263443,0.9141440940000001
OSS/nasm-2.14.02/nasm.bc,OK,2730.865969,2731.115941,7286.632448,OK,2680.548475,2680.636184,1788.690432,0.2454755945,1.01883126
OSS/rofi-1.5.2/rofi.bc,OK,2838.4190670000003,2838.53695,21669.69958,OK,3157.046025,3157.284131,1316.286464,0.06074318007,0.899043872
OSS/capstone-4.0.1/cstool.bc,OK,3056.117809,3056.223903,734.728192,OK,3319.068496,3319.68035,709.2715519999999,0.9653523026999999,0.9206380073999999
OSS/hexer-1.0.5/hexer.bc,OK,3105.601101,3105.620107,13351.09222,OK,3357.426748,3357.552154,11058.032640000001,0.8282492889,0.9249655595999999
OSS/openvswitch-2.11.0/ovsdb-server.bc,OUT OF MEMORY (OK),1016.228097,1015.0641519999999,64000.0,OK,3361.065536,3361.116281,61394.98086,0.959296576,0.302002093
